id,domain,rating,context_id,movie_id,song_id,user_id
58,SONG,1.5,133,,9.0,27
59,MOVIE,4.0,134,5.0,,27
60,SONG,0.5,135,,14.0,27
61,SONG,5.0,136,,6.0,27
62,SONG,2.0,137,,5.0,27
63,SONG,1.5,138,,20.0,27
64,MOVIE,2.0,139,7.0,,27
65,MOVIE,5.0,140,12.0,,27
66,SONG,3.0,141,,15.0,27
67,SONG,5.0,142,,7.0,27
68,SONG,3.5,143,,11.0,27
69,SONG,3.5,144,,19.0,27
70,SONG,2.5,145,,1.0,27
71,MOVIE,2.5,146,6.0,,27
72,SONG,5.0,147,,4.0,27
73,SONG,2.0,148,,2.0,27
74,SONG,0.5,149,,18.0,27
75,MOVIE,3.0,150,16.0,,27
76,MOVIE,3.0,151,18.0,,27
77,SONG,2.0,152,,17.0,27
78,MOVIE,1.0,153,10.0,,27
79,SONG,3.5,154,,13.0,27
80,MOVIE,1.0,155,15.0,,27
81,SONG,2.0,156,,12.0,27
82,SONG,0.5,157,,3.0,27
83,MOVIE,1.0,158,14.0,,27
84,MOVIE,5.0,159,17.0,,27
85,SONG,3.5,160,,11.0,28
86,MOVIE,1.5,161,10.0,,28
87,SONG,4.5,162,,15.0,28
88,SONG,5.0,163,,4.0,28
89,SONG,3.0,164,,17.0,28
90,SONG,3.0,165,,19.0,28
91,MOVIE,4.0,166,8.0,,28
92,SONG,5.0,167,,5.0,28
93,SONG,4.0,168,,1.0,28
94,MOVIE,5.0,169,4.0,,28
95,SONG,5.0,170,,12.0,28
96,MOVIE,2.0,171,21.0,,28
97,MOVIE,1.0,172,2.0,,28
98,SONG,3.5,173,,9.0,28
99,MOVIE,0.0,174,6.0,,28
100,SONG,2.5,175,,6.0,28
101,SONG,3.5,176,,13.0,28
102,SONG,0.5,177,,10.0,28
103,MOVIE,4.0,178,20.0,,28
104,SONG,4.5,179,,18.0,28
105,SONG,4.0,180,,16.0,28
106,MOVIE,2.5,181,17.0,,28
107,MOVIE,5.0,182,7.0,,28
108,MOVIE,1.0,183,3.0,,28
109,MOVIE,2.0,184,19.0,,28
110,MOVIE,2.0,185,14.0,,28
111,SONG,5.0,186,,8.0,28
112,MOVIE,4.5,187,12.0,,28
113,MOVIE,5.0,188,13.0,,28
114,SONG,5.0,189,,7.0,28
115,MOVIE,3.0,190,11.0,,28
116,SONG,4.0,191,,20.0,28
117,SONG,5.0,192,,14.0,28
118,MOVIE,0.5,193,15.0,,28
119,SONG,4.5,194,,3.0,28
120,SONG,5.0,195,,2.0,28
121,MOVIE,3.0,197,5.0,,28
122,MOVIE,5.0,198,9.0,,28
123,MOVIE,3.0,199,1.0,,28
124,MOVIE,5.0,200,18.0,,28
125,MOVIE,4.0,201,16.0,,28
126,SONG,4.5,204,,2.0,31
127,MOVIE,5.0,205,14.0,,31
128,SONG,5.0,206,,19.0,31
129,MOVIE,2.0,207,7.0,,31
130,SONG,3.0,208,,7.0,31
131,MOVIE,4.0,209,9.0,,31
132,MOVIE,5.0,210,19.0,,31
133,SONG,2.5,211,,4.0,31
134,MOVIE,5.0,212,13.0,,31
135,MOVIE,4.5,213,6.0,,31
136,SONG,5.0,214,,5.0,31
137,MOVIE,4.0,215,17.0,,31
138,SONG,5.0,216,,16.0,31
139,MOVIE,4.0,217,16.0,,31
140,MOVIE,1.0,218,12.0,,31
141,MOVIE,4.5,219,20.0,,31
142,SONG,3.0,220,,5.0,32
143,SONG,2.5,221,,14.0,32
144,SONG,1.0,222,,18.0,32
145,SONG,2.0,223,,10.0,32
146,SONG,4.5,224,,1.0,32
147,SONG,5.0,225,,13.0,32
148,MOVIE,5.0,226,11.0,,32
149,MOVIE,4.0,227,8.0,,32
150,SONG,0.5,228,,17.0,32
151,SONG,0.0,229,,15.0,32
152,SONG,4.5,230,,2.0,32
153,SONG,0.0,231,,6.0,32
154,SONG,4.5,232,,9.0,32
155,SONG,4.0,233,,20.0,32
156,SONG,5.0,234,,12.0,32
157,SONG,5.0,235,,9.0,33
158,SONG,2.0,236,,2.0,33
159,SONG,4.0,237,,17.0,33
160,SONG,4.0,238,,18.0,33
161,SONG,4.0,239,,8.0,33
162,SONG,5.0,240,,3.0,33
163,SONG,5.0,241,,5.0,33
164,SONG,4.5,243,,4.0,34
165,MOVIE,2.0,244,11.0,,34
166,MOVIE,3.5,245,19.0,,34
167,MOVIE,4.0,246,16.0,,34
168,SONG,3.0,247,,3.0,34
169,MOVIE,2.0,248,21.0,,34
170,SONG,3.5,249,,11.0,34
171,SONG,3.0,250,,6.0,34
172,SONG,3.0,251,,15.0,34
173,SONG,3.5,252,,10.0,34
174,SONG,4.0,253,,1.0,34
175,SONG,4.5,254,,14.0,34
176,SONG,4.5,255,,8.0,34
177,SONG,4.5,256,,20.0,34
178,SONG,4.0,257,,17.0,34
179,SONG,3.0,258,,13.0,34
180,SONG,4.0,259,,12.0,34
181,SONG,3.0,260,,18.0,34
182,SONG,3.5,261,,16.0,34
183,SONG,3.0,262,,9.0,34
184,SONG,4.0,263,,9.0,35
185,MOVIE,3.0,264,19.0,,35
186,SONG,5.0,265,,12.0,35
187,MOVIE,4.5,266,5.0,,35
188,SONG,4.0,267,,15.0,36
189,MOVIE,4.0,268,21.0,,36
190,MOVIE,4.0,269,18.0,,38
191,SONG,1.5,270,,12.0,38
192,SONG,3.0,272,,9.0,38
193,MOVIE,4.5,273,15.0,,38
194,MOVIE,5.0,274,14.0,,38
195,MOVIE,1.0,275,1.0,,38
196,MOVIE,2.0,276,7.0,,38
197,MOVIE,2.0,277,19.0,,38
198,MOVIE,5.0,279,5.0,,38
199,MOVIE,5.0,280,17.0,,38
200,MOVIE,4.5,281,3.0,,38
201,MOVIE,4.5,282,16.0,,38
202,MOVIE,3.0,283,8.0,,38
203,MOVIE,3.0,284,4.0,,38
204,MOVIE,5.0,285,13.0,,38
205,MOVIE,4.0,286,20.0,,38
206,MOVIE,5.0,287,6.0,,38
207,MOVIE,5.0,289,12.0,,38
208,MOVIE,3.5,290,11.0,,38
209,MOVIE,2.0,292,10.0,,38
210,MOVIE,2.0,293,21.0,,38
211,MOVIE,5.0,294,2.0,,38
212,MOVIE,4.5,295,20.0,,39
213,SONG,5.0,296,,6.0,40
214,SONG,4.0,297,,2.0,40
215,SONG,0.0,298,,1.0,40
216,SONG,5.0,299,,8.0,40
217,SONG,3.0,300,,16.0,40
218,SONG,0.0,301,,13.0,40
219,SONG,5.0,302,,10.0,40
220,SONG,5.0,303,,14.0,40
221,SONG,0.0,304,,15.0,40
222,SONG,4.0,305,,19.0,40
223,SONG,4.5,306,,11.0,40
224,SONG,3.5,307,,7.0,40
225,SONG,3.5,309,,15.0,41
226,SONG,5.0,310,,13.0,41
227,SONG,5.0,311,,11.0,41
228,SONG,4.0,312,,10.0,41
229,SONG,4.0,313,,5.0,41
230,SONG,3.0,314,,16.0,41
231,SONG,1.0,315,,14.0,41
232,SONG,2.0,316,,12.0,41
233,SONG,2.5,317,,1.0,41
234,SONG,3.5,318,,19.0,41
235,SONG,2.0,319,,2.0,41
236,SONG,4.5,308,,3.0,40
237,SONG,4.0,320,,6.0,41
238,MOVIE,4.0,322,13.0,,41
239,SONG,2.5,321,,18.0,40
240,MOVIE,3.5,324,14.0,,41
241,MOVIE,3.0,325,4.0,,41
242,MOVIE,2.0,326,3.0,,41
243,SONG,5.0,323,,4.0,40
244,SONG,2.5,327,,2.0,39
245,SONG,3.0,328,,5.0,40
246,SONG,4.0,329,,12.0,40
247,MOVIE,5.0,330,18.0,,42
248,SONG,4.0,331,,9.0,43
249,SONG,0.0,332,,3.0,43
250,SONG,1.0,333,,10.0,43
251,SONG,3.0,334,,12.0,43
252,SONG,0.0,335,,20.0,43
253,SONG,1.0,336,,19.0,43
254,SONG,1.0,337,,2.0,43
255,SONG,1.0,338,,16.0,43
256,SONG,0.0,339,,1.0,43
257,SONG,0.0,340,,18.0,43
258,SONG,4.0,341,,6.0,43
259,SONG,4.0,342,,8.0,43
260,SONG,2.0,343,,5.0,43
261,SONG,0.0,344,,17.0,43
262,SONG,5.0,345,,7.0,43
263,MOVIE,1.0,346,21.0,,43
264,MOVIE,2.0,347,2.0,,43
265,MOVIE,5.0,348,17.0,,43
266,MOVIE,2.0,349,11.0,,43
267,MOVIE,2.0,350,3.0,,43
268,MOVIE,4.0,351,5.0,,43
269,MOVIE,3.0,352,9.0,,43
270,MOVIE,2.0,353,6.0,,43
271,MOVIE,1.0,354,13.0,,43
272,MOVIE,2.0,355,20.0,,43
273,MOVIE,1.0,356,7.0,,43
274,MOVIE,4.0,357,16.0,,43
275,MOVIE,0.0,358,10.0,,43
276,MOVIE,3.0,359,14.0,,43
277,MOVIE,3.0,360,12.0,,43
278,SONG,1.0,361,,13.0,43
279,SONG,5.0,362,,4.0,43
280,MOVIE,3.0,363,19.0,,43
281,SONG,4.0,364,,11.0,43
282,SONG,0.0,365,,15.0,43
283,SONG,0.0,366,,14.0,43
284,MOVIE,1.0,367,4.0,,43
285,MOVIE,3.0,368,18.0,,43
286,MOVIE,2.0,370,8.0,,43
287,MOVIE,0.0,371,15.0,,43
288,MOVIE,0.0,372,1.0,,43
289,MOVIE,3.5,374,10.0,,44
291,SONG,5.0,375,,4.0,44
292,MOVIE,5.0,378,18.0,,44
293,SONG,2.0,380,,2.0,44
294,MOVIE,4.5,381,9.0,,36
295,SONG,4.5,382,,20.0,36
296,SONG,4.0,383,,8.0,45
297,SONG,4.0,384,,7.0,45
298,SONG,3.5,387,,4.0,45
299,SONG,4.0,388,,18.0,45
300,MOVIE,1.0,389,15.0,,45
301,MOVIE,4.0,390,2.0,,45
302,SONG,5.0,391,,3.0,45
303,SONG,5.0,392,,2.0,45
304,SONG,4.0,393,,5.0,45
305,MOVIE,3.5,394,16.0,,45
306,SONG,3.5,395,,17.0,46
307,SONG,4.5,396,,7.0,46
308,SONG,3.5,397,,13.0,46
309,SONG,4.0,398,,20.0,46
310,SONG,4.5,399,,12.0,46
311,SONG,3.5,400,,1.0,46
312,SONG,2.5,401,,14.0,46
313,MOVIE,5.0,402,6.0,,47
314,SONG,4.0,403,,1.0,47
315,MOVIE,4.5,404,9.0,,47
316,MOVIE,4.5,405,3.0,,47
317,SONG,4.0,406,,16.0,47
318,SONG,5.0,407,,4.0,47
319,SONG,5.0,408,,7.0,47
320,MOVIE,4.5,409,17.0,,47
321,SONG,4.0,410,,17.0,47
322,SONG,4.0,411,,10.0,47
323,SONG,4.0,412,,11.0,47
324,SONG,4.0,413,,6.0,47
325,SONG,4.5,414,,14.0,47
326,MOVIE,4.0,415,15.0,,47
327,MOVIE,4.5,416,19.0,,47
328,SONG,4.5,417,,9.0,47
329,SONG,4.5,418,,15.0,47
330,SONG,4.5,419,,20.0,47
331,MOVIE,2.0,420,12.0,,47
332,MOVIE,4.5,421,2.0,,47
333,MOVIE,4.0,422,10.0,,47
334,MOVIE,4.0,423,16.0,,47
335,SONG,4.5,424,,8.0,47
336,SONG,4.5,425,,18.0,47
337,MOVIE,3.5,426,11.0,,47
338,SONG,5.0,427,,13.0,47
339,MOVIE,2.5,428,7.0,,47
340,MOVIE,4.0,429,14.0,,47
341,SONG,5.0,430,,12.0,47
342,MOVIE,4.5,431,5.0,,47
343,MOVIE,2.5,432,20.0,,47
344,SONG,4.0,433,,2.0,47
345,MOVIE,3.5,434,1.0,,47
346,MOVIE,4.5,435,4.0,,47
347,SONG,4.5,436,,5.0,47
348,MOVIE,2.0,437,8.0,,47
349,MOVIE,3.5,438,13.0,,47
350,SONG,4.0,439,,3.0,47
351,SONG,4.5,440,,19.0,47
352,MOVIE,4.0,443,5.0,,48
353,SONG,5.0,444,,2.0,48
354,SONG,2.0,445,,6.0,48
355,SONG,1.5,446,,14.0,49
356,SONG,3.0,447,,18.0,49
357,SONG,5.0,448,,8.0,49
358,SONG,5.0,449,,5.0,49
359,SONG,5.0,450,,1.0,49
360,MOVIE,5.0,451,9.0,,49
361,MOVIE,2.0,452,12.0,,49
362,MOVIE,3.0,453,21.0,,49
363,MOVIE,5.0,454,8.0,,49
364,MOVIE,1.0,455,7.0,,49
365,SONG,3.0,456,,17.0,49
366,MOVIE,5.0,457,20.0,,49
367,SONG,3.0,458,,6.0,49
368,SONG,5.0,459,,4.0,49
369,SONG,4.5,461,,8.0,50
370,MOVIE,2.5,462,3.0,,50
371,SONG,5.0,460,,7.0,49
372,SONG,0.5,464,,3.0,50
373,SONG,5.0,463,,2.0,49
374,SONG,4.0,465,,10.0,49
375,MOVIE,5.0,466,3.0,,49
376,MOVIE,5.0,467,11.0,,49
377,MOVIE,4.0,468,15.0,,49
378,SONG,5.0,469,,13.0,49
379,MOVIE,4.0,470,4.0,,49
380,SONG,5.0,471,,15.0,49
381,MOVIE,5.0,472,16.0,,49
382,SONG,4.5,473,,20.0,49
383,MOVIE,4.5,474,17.0,,49
384,SONG,2.5,475,,15.0,46
385,MOVIE,2.0,476,2.0,,46
386,MOVIE,3.0,477,13.0,,46
387,SONG,2.0,478,,2.0,46
388,SONG,2.0,479,,3.0,41
389,SONG,2.5,480,,8.0,41
390,SONG,1.0,481,,4.0,41
391,SONG,1.0,482,,9.0,41
392,SONG,1.0,483,,7.0,41
393,SONG,3.0,484,,17.0,41
394,SONG,0.0,485,,20.0,41
395,SONG,1.0,486,,18.0,41
396,MOVIE,2.0,488,6.0,,41
397,MOVIE,5.0,489,2.0,,41
398,MOVIE,3.0,490,5.0,,41
399,MOVIE,4.0,491,17.0,,41
400,MOVIE,0.0,492,7.0,,41
401,MOVIE,3.5,493,20.0,,41
402,MOVIE,2.0,494,8.0,,41
403,MOVIE,2.0,495,19.0,,41
404,MOVIE,5.0,496,11.0,,41
405,MOVIE,3.5,497,1.0,,41
406,MOVIE,5.0,498,9.0,,41
407,MOVIE,3.5,499,10.0,,41
408,MOVIE,4.0,500,12.0,,41
409,MOVIE,3.0,501,16.0,,41
410,MOVIE,2.0,502,15.0,,41
411,MOVIE,4.0,503,21.0,,41
412,MOVIE,5.0,504,18.0,,41
413,SONG,3.0,506,,10.0,51
414,MOVIE,2.0,507,9.0,,51
415,MOVIE,4.0,508,5.0,,51
416,SONG,4.0,509,,14.0,51
417,SONG,5.0,511,,10.0,52
418,MOVIE,5.0,512,3.0,,52
419,MOVIE,0.5,513,10.0,,52
420,SONG,3.0,510,,3.0,51
421,SONG,4.5,514,,13.0,52
422,MOVIE,0.5,516,20.0,,52
423,SONG,5.0,517,,12.0,52
424,MOVIE,5.0,518,12.0,,52
425,MOVIE,4.5,515,8.0,,51
426,SONG,4.5,520,,9.0,52
427,SONG,4.5,521,,3.0,52
428,SONG,3.5,519,,15.0,51
429,SONG,5.0,522,,19.0,52
430,MOVIE,3.0,523,16.0,,52
431,MOVIE,5.0,524,5.0,,52
432,SONG,5.0,525,,2.0,52
433,SONG,3.0,526,,15.0,52
434,MOVIE,0.5,527,15.0,,52
435,MOVIE,0.5,528,6.0,,52
436,SONG,3.0,529,,17.0,52
437,SONG,5.0,530,,8.0,52
438,MOVIE,4.0,531,19.0,,39
439,MOVIE,0.5,532,7.0,,39
440,SONG,4.0,534,,1.0,39
441,SONG,2.5,535,,15.0,39
442,SONG,4.5,536,,9.0,39
443,SONG,3.5,537,,3.0,39
444,SONG,3.0,538,,11.0,39
445,SONG,2.0,539,,4.0,39
446,SONG,1.0,540,,10.0,39
447,MOVIE,4.5,541,9.0,,39
448,MOVIE,4.0,542,3.0,,39
449,MOVIE,3.5,543,18.0,,39
450,MOVIE,3.0,544,13.0,,54
451,MOVIE,2.0,545,21.0,,54
452,MOVIE,3.5,546,18.0,,54
453,SONG,3.0,547,,20.0,54
454,MOVIE,3.0,548,15.0,,54
455,SONG,1.5,549,,1.0,54
456,SONG,4.0,550,,5.0,54
457,MOVIE,3.0,551,4.0,,54
458,MOVIE,3.0,552,14.0,,54
459,MOVIE,2.5,553,5.0,,54
460,SONG,3.5,554,,12.0,54
461,SONG,5.0,555,,14.0,54
462,MOVIE,4.5,556,20.0,,54
463,SONG,4.0,557,,15.0,54
464,SONG,4.0,558,,16.0,54
465,SONG,2.5,559,,17.0,54
466,MOVIE,4.0,560,12.0,,54
467,MOVIE,5.0,561,6.0,,54
468,SONG,2.5,562,,4.0,54
469,SONG,3.0,563,,6.0,54
470,SONG,4.0,564,,10.0,54
471,MOVIE,5.0,565,7.0,,54
472,SONG,4.0,566,,11.0,54
473,SONG,4.0,567,,12.0,55
474,SONG,4.5,568,,16.0,55
475,SONG,2.5,569,,7.0,55
476,SONG,4.5,570,,9.0,55
477,SONG,4.0,571,,20.0,55
478,SONG,1.0,572,,14.0,55
479,SONG,4.5,573,,3.0,55
480,SONG,3.0,574,,4.0,55
481,SONG,4.0,575,,2.0,55
482,SONG,3.5,576,,15.0,55
483,SONG,5.0,577,,13.0,55
484,SONG,2.0,578,,18.0,55
485,SONG,4.0,579,,19.0,55
486,SONG,2.5,580,,11.0,55
487,SONG,4.0,581,,5.0,55
488,SONG,4.5,583,,1.0,55
489,SONG,4.5,584,,10.0,55
490,MOVIE,3.0,582,20.0,,56
491,SONG,2.0,585,,8.0,55
492,SONG,4.5,586,,17.0,55
493,SONG,3.5,587,,6.0,55
494,MOVIE,3.5,589,5.0,,55
495,MOVIE,4.0,590,15.0,,55
496,MOVIE,4.5,591,14.0,,55
497,MOVIE,4.5,592,13.0,,55
498,MOVIE,5.0,593,1.0,,55
499,MOVIE,4.5,594,21.0,,55
500,MOVIE,4.0,595,10.0,,55
501,MOVIE,4.5,596,19.0,,55
502,MOVIE,4.5,597,4.0,,55
503,MOVIE,5.0,598,7.0,,55
504,MOVIE,3.5,599,8.0,,55
505,MOVIE,4.0,600,11.0,,55
506,MOVIE,4.0,601,18.0,,55
507,MOVIE,3.5,602,12.0,,55
508,MOVIE,3.0,603,17.0,,55
509,MOVIE,3.5,604,2.0,,55
510,MOVIE,4.5,605,16.0,,55
511,MOVIE,4.0,606,9.0,,55
512,MOVIE,3.0,607,3.0,,55
513,MOVIE,4.0,608,6.0,,55
514,MOVIE,4.0,609,20.0,,55
515,SONG,5.0,611,,10.0,57
516,SONG,5.0,612,,4.0,57
517,MOVIE,4.0,613,14.0,,57
518,MOVIE,3.5,614,2.0,,57
519,SONG,2.5,615,,14.0,57
520,SONG,4.0,616,,13.0,57
521,SONG,4.5,617,,18.0,57
522,SONG,5.0,618,,8.0,57
523,MOVIE,1.5,619,20.0,,58
524,SONG,5.0,620,,16.0,58
525,SONG,4.5,621,,19.0,58
526,MOVIE,0.5,622,21.0,,58
527,MOVIE,4.5,623,7.0,,58
528,MOVIE,5.0,624,17.0,,59
529,MOVIE,4.5,625,14.0,,59
530,MOVIE,4.0,626,12.0,,59
531,MOVIE,2.0,627,7.0,,59
532,MOVIE,2.0,628,6.0,,59
533,MOVIE,3.5,629,19.0,,59
534,MOVIE,5.0,630,9.0,,59
535,SONG,3.0,631,,9.0,59
536,SONG,3.5,633,,4.0,50
537,SONG,1.0,634,,11.0,50
538,SONG,2.0,635,,16.0,50
539,SONG,5.0,636,,12.0,50
540,SONG,5.0,637,,14.0,50
541,SONG,1.5,638,,2.0,50
542,SONG,5.0,639,,7.0,50
543,SONG,3.0,640,,19.0,50
544,SONG,4.0,632,,1.0,59
545,SONG,3.5,641,,11.0,59
546,MOVIE,4.5,642,15.0,,59
547,SONG,4.5,643,,3.0,59
548,SONG,1.5,644,,6.0,59
549,MOVIE,0.5,645,16.0,,59
550,SONG,4.0,646,,5.0,59
551,MOVIE,4.5,647,8.0,,59
552,MOVIE,0.0,648,10.0,,59
553,SONG,4.0,649,,19.0,59
554,SONG,4.0,650,,12.0,59
555,MOVIE,3.0,651,13.0,,59
556,SONG,4.5,652,,8.0,59
557,SONG,2.0,653,,20.0,59
558,SONG,3.0,654,,2.0,59
559,MOVIE,3.5,655,18.0,,59
560,SONG,5.0,656,,14.0,59
561,MOVIE,5.0,657,21.0,,59
562,SONG,3.0,658,,6.0,60
563,SONG,5.0,659,,13.0,59
564,MOVIE,5.0,661,14.0,,60
565,SONG,5.0,662,,7.0,62
566,MOVIE,4.0,663,18.0,,62
567,MOVIE,5.0,664,8.0,,62
568,SONG,5.0,665,,5.0,62
569,SONG,4.0,666,,1.0,62
570,MOVIE,5.0,667,2.0,,62
571,MOVIE,1.0,668,7.0,,62
572,SONG,4.0,669,,16.0,62
573,SONG,4.5,670,,17.0,62
574,SONG,4.0,671,,14.0,62
575,SONG,5.0,672,,12.0,62
576,SONG,5.0,673,,9.0,62
577,SONG,2.5,674,,18.0,62
578,MOVIE,4.0,675,16.0,,62
579,MOVIE,2.5,676,20.0,,62
580,MOVIE,2.0,677,11.0,,62
581,SONG,2.0,678,,11.0,62
582,MOVIE,2.5,679,21.0,,62
583,SONG,3.0,680,,20.0,62
584,SONG,2.0,681,,6.0,62
585,SONG,4.5,682,,4.0,62
586,MOVIE,4.0,683,4.0,,62
587,MOVIE,4.5,684,13.0,,62
588,MOVIE,4.0,685,12.0,,62
589,SONG,4.0,686,,8.0,62
590,SONG,4.0,687,,19.0,62
591,MOVIE,5.0,688,5.0,,62
592,MOVIE,3.0,689,1.0,,62
593,MOVIE,5.0,690,9.0,,62
594,SONG,3.5,691,,15.0,62
595,SONG,4.5,692,,10.0,62
596,SONG,3.5,693,,13.0,62
597,MOVIE,4.0,694,17.0,,62
598,MOVIE,3.0,695,15.0,,62
599,SONG,3.0,696,,2.0,62
600,SONG,4.0,697,,3.0,62
601,MOVIE,3.5,700,14.0,,62
602,MOVIE,4.0,701,6.0,,62
603,MOVIE,2.5,702,10.0,,62
604,MOVIE,2.5,703,3.0,,62
605,MOVIE,4.5,704,9.0,,63
606,MOVIE,4.0,705,19.0,,63
607,SONG,5.0,706,,2.0,63
608,SONG,5.0,707,,8.0,63
609,SONG,2.0,660,,17.0,59
610,MOVIE,2.0,708,5.0,,59
611,MOVIE,4.0,709,20.0,,59
612,MOVIE,5.0,710,4.0,,59
613,MOVIE,1.5,711,3.0,,59
614,MOVIE,3.5,712,2.0,,59
615,MOVIE,5.0,713,1.0,,59
616,SONG,1.0,714,,7.0,59
617,MOVIE,5.0,715,11.0,,59
618,SONG,5.0,717,,12.0,64
619,MOVIE,5.0,718,3.0,,64
620,SONG,5.0,719,,6.0,64
621,SONG,3.0,720,,20.0,64
622,SONG,4.0,721,,8.0,64
623,MOVIE,4.0,722,14.0,,64
624,MOVIE,3.0,723,21.0,,64
625,MOVIE,0.0,724,20.0,,64
626,MOVIE,5.0,725,9.0,,64
627,MOVIE,5.0,726,16.0,,64
628,SONG,4.0,727,,15.0,64
629,MOVIE,4.0,728,6.0,,64
630,SONG,3.0,729,,14.0,64
631,SONG,5.0,730,,4.0,64
632,SONG,4.0,731,,7.0,64
633,SONG,4.0,732,,3.0,64
634,MOVIE,4.0,733,11.0,,64
635,MOVIE,3.0,734,7.0,,64
636,MOVIE,5.0,735,5.0,,64
637,MOVIE,5.0,736,4.0,,64
638,MOVIE,4.0,737,18.0,,64
639,SONG,5.0,739,,14.0,66
640,SONG,4.0,740,,8.0,66
641,SONG,3.5,741,,5.0,66
642,SONG,5.0,742,,16.0,66
643,SONG,4.0,743,,19.0,66
644,SONG,2.5,744,,2.0,66
645,SONG,4.0,745,,11.0,66
646,SONG,2.0,746,,7.0,66
647,SONG,3.5,747,,13.0,66
648,SONG,5.0,748,,12.0,66
649,SONG,4.0,749,,10.0,66
650,SONG,4.0,750,,18.0,66
651,SONG,3.5,751,,9.0,66
652,SONG,5.0,752,,1.0,66
653,SONG,4.0,753,,15.0,66
654,SONG,5.0,754,,20.0,66
655,MOVIE,4.0,755,7.0,,66
656,MOVIE,4.5,756,16.0,,66
657,SONG,4.5,757,,3.0,66
658,SONG,5.0,758,,17.0,66
659,MOVIE,4.0,759,12.0,,66
660,MOVIE,4.5,760,10.0,,66
661,MOVIE,2.0,761,10.0,,67
662,MOVIE,3.0,762,11.0,,67
663,SONG,5.0,764,,12.0,68
664,MOVIE,3.0,765,4.0,,68
665,MOVIE,5.0,763,8.0,,67
666,SONG,4.0,766,,16.0,68
667,SONG,3.0,767,,18.0,68
668,MOVIE,4.0,768,19.0,,68
669,MOVIE,5.0,769,15.0,,68
670,SONG,4.0,770,,16.0,67
671,MOVIE,0.0,771,11.0,,68
672,SONG,2.5,772,,15.0,67
673,SONG,5.0,773,,17.0,68
674,SONG,5.0,775,,13.0,68
675,MOVIE,5.0,776,13.0,,68
676,SONG,4.0,774,,6.0,67
677,MOVIE,3.0,777,1.0,,68
678,SONG,3.0,778,,7.0,67
679,MOVIE,4.0,779,8.0,,68
680,MOVIE,5.0,780,5.0,,68
681,SONG,3.0,781,,10.0,68
682,MOVIE,2.0,782,16.0,,68
683,SONG,1.0,783,,14.0,68
684,SONG,3.0,784,,2.0,68
685,MOVIE,5.0,785,10.0,,68
686,MOVIE,4.0,786,18.0,,68
687,SONG,0.0,787,,6.0,68
688,SONG,4.0,788,,4.0,68
689,MOVIE,5.0,789,3.0,,68
690,MOVIE,1.0,790,21.0,,68
691,MOVIE,4.0,791,9.0,,68
692,SONG,5.0,792,,15.0,68
693,SONG,5.0,793,,1.0,68
694,MOVIE,5.0,794,20.0,,68
695,MOVIE,4.0,795,2.0,,68
696,SONG,4.0,796,,20.0,68
697,SONG,4.0,797,,5.0,68
698,SONG,5.0,798,,11.0,68
699,MOVIE,3.0,799,12.0,,68
700,SONG,2.0,800,,19.0,68
702,MOVIE,1.0,802,7.0,,68
1272,MOVIE,5.0,1398,35.0,,89
1276,SONG,5.0,1402,,10.0,89
1281,SONG,4.0,1408,,24.0,89
1283,SONG,3.0,1410,,25.0,89
1285,SONG,4.0,1412,,8.0,89
1287,SONG,4.0,1414,,29.0,89
1288,SONG,2.0,1415,,16.0,89
1290,SONG,4.5,1417,,2.0,89
1291,SONG,4.5,1419,,7.0,89
1293,SONG,2.0,1421,,21.0,89
1296,MOVIE,2.5,1424,31.0,,89
1298,MOVIE,3.0,1426,6.0,,89
1300,MOVIE,3.0,1428,3.0,,89
1312,SONG,5.0,1440,,4.0,90
1315,SONG,1.0,1443,,35.0,90
1316,SONG,1.0,1444,,17.0,90
1317,SONG,5.0,1445,,23.0,90
1318,SONG,5.0,1446,,24.0,90
1320,SONG,1.5,1448,,9.0,90
1321,SONG,2.0,1449,,15.0,90
1323,SONG,1.0,1451,,29.0,90
1342,SONG,4.5,1471,,13.0,90
1345,SONG,2.5,1474,,29.0,91
1349,SONG,5.0,1479,,2.0,92
1350,SONG,2.5,1480,,25.0,92
1351,SONG,3.0,1481,,20.0,92
1365,SONG,3.0,1496,,3.0,96
1367,SONG,5.0,1498,,32.0,96
1369,SONG,5.0,1500,,24.0,96
1373,SONG,5.0,1504,,20.0,97
1385,SONG,4.0,1516,,22.0,98
1413,MOVIE,3.5,1544,21.0,,100
1414,SONG,4.5,1545,,16.0,100
1415,SONG,5.0,1546,,18.0,100
1416,SONG,5.0,1547,,4.0,100
1417,SONG,1.0,1548,,20.0,100
1418,SONG,1.5,1549,,27.0,100
1420,MOVIE,5.0,1551,8.0,,100
1421,SONG,4.5,1552,,33.0,100
1422,SONG,1.0,1553,,32.0,100
1423,SONG,3.5,1554,,17.0,100
1424,MOVIE,5.0,1555,4.0,,100
1425,MOVIE,3.0,1556,30.0,,100
1428,SONG,4.5,1559,,35.0,100
1430,SONG,4.5,1561,,8.0,100
1431,SONG,1.5,1562,,22.0,100
1432,SONG,3.5,1563,,23.0,100
1434,SONG,4.5,1565,,5.0,100
1436,MOVIE,0.5,1567,3.0,,100
1440,MOVIE,3.0,1571,17.0,,100
1441,MOVIE,5.0,1572,2.0,,100
1446,SONG,5.0,1577,,5.0,101
1447,SONG,3.5,1578,,6.0,101
1448,SONG,5.0,1579,,18.0,102
1454,SONG,4.0,1586,,4.0,101
1456,SONG,2.0,1583,,2.0,102
1459,SONG,4.0,1590,,21.0,102
1461,SONG,5.0,1592,,26.0,102
1462,SONG,1.0,1593,,35.0,102
1480,MOVIE,0.0,1611,5.0,,103
1481,MOVIE,1.5,1612,26.0,,103
1482,MOVIE,2.0,1613,8.0,,103
1483,MOVIE,3.5,1614,21.0,,103
1484,MOVIE,1.5,1615,16.0,,103
1486,MOVIE,3.5,1617,34.0,,103
1494,SONG,4.5,1625,,32.0,40
1497,SONG,3.5,1628,,31.0,40
1498,SONG,4.5,1629,,21.0,40
1499,SONG,4.5,1630,,29.0,40
1500,SONG,0.0,1631,,17.0,40
1502,SONG,5.0,1633,,28.0,40
1503,SONG,3.0,1634,,22.0,40
1508,SONG,5.0,1644,,12.0,106
1509,SONG,3.5,1645,,18.0,106
1525,SONG,4.0,1661,,35.0,106
1533,MOVIE,3.0,1669,6.0,,106
1545,SONG,2.5,1688,,11.0,35
1551,SONG,5.0,1694,,26.0,35
1610,MOVIE,3.5,1754,24.0,,107
1616,MOVIE,3.5,1760,2.0,,107
1624,SONG,4.0,1769,,3.0,108
1625,SONG,4.0,1770,,23.0,108
1628,SONG,4.5,1773,,2.0,108
1629,SONG,4.0,1774,,21.0,108
1631,SONG,2.5,1776,,12.0,108
1636,SONG,5.0,1781,,26.0,108
1637,SONG,1.0,1782,,35.0,108
1638,SONG,5.0,1783,,5.0,108
1639,SONG,4.5,1784,,9.0,108
1640,SONG,4.0,1785,,28.0,108
1641,SONG,1.5,1786,,31.0,108
1642,SONG,5.0,1787,,16.0,108
1645,SONG,3.5,1790,,29.0,108
1651,SONG,3.5,1796,,17.0,108
1652,SONG,4.5,1797,,7.0,108
1653,SONG,4.0,1798,,27.0,108
1654,SONG,3.0,1799,,20.0,108
1655,SONG,4.5,1800,,34.0,108
1656,SONG,5.0,1801,,19.0,108
1657,MOVIE,2.0,1803,15.0,,108
1658,MOVIE,5.0,1804,23.0,,108
1659,MOVIE,4.0,1805,18.0,,108
1660,MOVIE,2.0,1806,12.0,,108
1661,MOVIE,2.0,1807,34.0,,108
1662,MOVIE,0.5,1808,7.0,,108
701,SONG,4.0,801,,3.0,68
703,SONG,0.0,803,,7.0,68
704,MOVIE,5.0,804,6.0,,68
705,SONG,3.0,805,,9.0,68
706,SONG,3.0,806,,8.0,68
707,SONG,4.0,808,,3.0,69
708,SONG,5.0,809,,12.0,69
709,SONG,4.5,810,,17.0,69
710,SONG,3.0,811,,5.0,69
711,SONG,3.5,812,,2.0,69
712,SONG,5.0,813,,19.0,69
713,SONG,5.0,814,,7.0,69
714,SONG,4.0,815,,14.0,69
715,SONG,3.5,816,,15.0,69
716,SONG,2.0,817,,11.0,69
717,SONG,3.5,818,,16.0,69
718,SONG,2.0,819,,6.0,69
719,SONG,4.0,820,,18.0,69
720,SONG,5.0,821,,9.0,69
721,SONG,5.0,822,,1.0,69
722,SONG,4.0,823,,20.0,69
723,SONG,5.0,824,,13.0,69
724,SONG,5.0,825,,10.0,69
725,SONG,5.0,826,,4.0,69
726,SONG,4.5,827,,8.0,69
727,MOVIE,3.0,829,21.0,,69
728,MOVIE,4.0,830,12.0,,69
729,MOVIE,4.5,831,17.0,,69
730,MOVIE,4.5,832,3.0,,69
731,SONG,5.0,833,,34.0,39
732,SONG,4.5,834,,16.0,39
733,SONG,4.0,835,,26.0,39
734,SONG,4.0,836,,31.0,39
735,SONG,3.0,837,,2.0,70
736,MOVIE,3.5,838,10.0,,70
737,SONG,2.5,839,,13.0,70
738,MOVIE,1.0,840,12.0,,46
739,SONG,1.0,841,,25.0,46
740,SONG,3.0,842,,31.0,46
741,SONG,2.0,843,,31.0,38
742,SONG,3.0,844,,11.0,38
743,SONG,5.0,845,,16.0,38
744,SONG,1.0,846,,28.0,38
745,SONG,3.0,847,,8.0,38
746,SONG,4.0,848,,18.0,38
747,SONG,3.0,849,,3.0,38
748,SONG,5.0,850,,10.0,38
749,SONG,5.0,851,,15.0,38
750,SONG,5.0,852,,22.0,38
751,SONG,5.0,853,,30.0,38
752,SONG,5.0,854,,1.0,38
753,SONG,5.0,855,,14.0,38
754,SONG,1.0,856,,23.0,38
755,SONG,3.0,857,,33.0,38
756,SONG,2.0,858,,7.0,38
757,SONG,2.0,859,,26.0,38
758,SONG,2.0,860,,2.0,38
759,SONG,5.0,861,,32.0,38
760,SONG,5.0,862,,13.0,38
761,SONG,5.0,863,,17.0,38
762,SONG,4.0,864,,24.0,38
763,SONG,4.0,865,,35.0,38
764,SONG,5.0,866,,27.0,38
765,SONG,3.0,867,,25.0,38
766,SONG,5.0,868,,6.0,38
767,SONG,3.0,869,,19.0,38
768,SONG,5.0,870,,5.0,38
769,SONG,5.0,871,,29.0,38
770,SONG,4.0,872,,4.0,38
771,SONG,2.5,873,,2.0,42
772,MOVIE,1.5,875,28.0,,42
773,MOVIE,3.5,876,6.0,,42
774,MOVIE,5.0,877,25.0,,42
775,MOVIE,3.0,878,35.0,,42
776,SONG,5.0,874,,20.0,38
777,SONG,4.0,880,,34.0,38
778,SONG,1.0,881,,21.0,38
779,SONG,2.0,879,,5.0,42
780,MOVIE,4.0,885,25.0,,38
781,SONG,5.0,886,,8.0,42
782,SONG,3.5,888,,20.0,42
783,MOVIE,4.0,887,30.0,,38
784,MOVIE,3.0,889,33.0,,38
785,MOVIE,4.0,890,29.0,,38
786,MOVIE,4.0,891,31.0,,38
787,MOVIE,5.0,892,34.0,,38
788,MOVIE,5.0,893,26.0,,38
789,MOVIE,5.0,894,9.0,,38
790,MOVIE,5.0,895,24.0,,38
791,MOVIE,4.0,896,35.0,,38
792,MOVIE,2.0,897,22.0,,38
793,MOVIE,2.0,898,23.0,,38
794,MOVIE,4.0,899,32.0,,38
795,MOVIE,4.0,900,27.0,,38
796,MOVIE,5.0,901,28.0,,38
797,SONG,2.5,902,,11.0,74
798,SONG,0.5,903,,8.0,74
799,SONG,1.5,904,,31.0,74
800,SONG,1.5,905,,19.0,74
801,SONG,5.0,906,,32.0,74
802,MOVIE,5.0,907,23.0,,74
803,MOVIE,5.0,908,19.0,,74
804,MOVIE,5.0,909,30.0,,74
805,SONG,0.5,910,,27.0,74
806,SONG,1.0,911,,29.0,74
807,MOVIE,4.0,912,29.0,,74
808,MOVIE,4.0,913,33.0,,74
809,SONG,5.0,914,,16.0,74
810,MOVIE,2.5,915,12.0,,74
811,SONG,0.0,916,,18.0,74
812,MOVIE,1.0,917,16.0,,74
813,SONG,4.0,918,,3.0,36
814,MOVIE,3.0,919,28.0,,74
815,SONG,3.0,920,,3.0,74
816,SONG,4.5,921,,1.0,36
817,MOVIE,2.0,922,11.0,,74
818,MOVIE,5.0,923,14.0,,74
819,SONG,4.5,924,,4.0,36
820,MOVIE,2.5,925,31.0,,74
821,SONG,0.5,926,,14.0,74
822,MOVIE,5.0,927,18.0,,74
823,MOVIE,5.0,928,4.0,,74
824,SONG,2.5,929,,9.0,74
825,MOVIE,2.5,930,26.0,,74
826,SONG,4.0,931,,13.0,74
827,MOVIE,4.0,932,21.0,,74
828,SONG,5.0,933,,1.0,74
829,MOVIE,5.0,934,2.0,,74
830,MOVIE,3.0,935,5.0,,74
831,MOVIE,3.0,936,1.0,,74
832,SONG,5.0,937,,10.0,74
833,MOVIE,2.5,938,13.0,,74
834,MOVIE,2.5,939,7.0,,74
835,MOVIE,4.5,940,10.0,,74
836,MOVIE,5.0,941,34.0,,74
837,SONG,2.5,942,,5.0,74
838,MOVIE,2.5,943,24.0,,74
839,MOVIE,5.0,944,6.0,,74
840,MOVIE,5.0,945,8.0,,74
841,SONG,5.0,946,,20.0,74
842,MOVIE,5.0,947,27.0,,74
843,SONG,1.0,948,,26.0,74
844,MOVIE,0.5,949,17.0,,74
845,SONG,0.5,950,,31.0,73
846,SONG,4.5,951,,20.0,73
847,SONG,0.5,952,,28.0,75
848,SONG,5.0,953,,11.0,75
849,MOVIE,5.0,954,30.0,,75
850,SONG,4.0,955,,22.0,75
851,MOVIE,4.5,956,35.0,,75
852,SONG,5.0,957,,4.0,75
853,SONG,4.5,959,,22.0,73
854,MOVIE,4.0,958,16.0,,75
855,SONG,5.0,961,,15.0,75
856,SONG,4.0,960,,3.0,73
857,MOVIE,5.0,962,23.0,,75
858,SONG,0.0,963,,18.0,73
859,SONG,1.0,964,,14.0,75
860,SONG,4.5,965,,12.0,73
861,SONG,5.0,967,,11.0,73
862,MOVIE,4.0,966,24.0,,75
863,SONG,5.0,968,,19.0,73
864,SONG,5.0,969,,12.0,75
865,SONG,5.0,970,,4.0,73
866,SONG,0.0,972,,29.0,73
867,MOVIE,5.0,971,8.0,,75
868,SONG,4.0,973,,34.0,73
869,SONG,0.5,974,,21.0,75
870,SONG,4.0,975,,2.0,73
871,MOVIE,4.5,976,13.0,,75
872,SONG,4.0,977,,23.0,73
873,SONG,5.0,978,,33.0,75
874,SONG,0.0,979,,30.0,73
875,SONG,2.0,980,,27.0,75
876,SONG,5.0,982,,9.0,75
877,MOVIE,5.0,983,4.0,,75
878,SONG,4.5,981,,28.0,73
879,MOVIE,5.0,984,22.0,,75
880,SONG,4.0,985,,6.0,73
881,SONG,0.5,986,,30.0,75
882,SONG,2.5,987,,7.0,73
883,SONG,1.0,989,,14.0,73
884,SONG,0.0,988,,35.0,75
885,MOVIE,2.0,991,17.0,,75
886,SONG,4.0,990,,5.0,73
887,SONG,0.0,993,,27.0,73
888,MOVIE,2.0,992,33.0,,75
889,SONG,1.0,994,,9.0,73
890,MOVIE,4.0,995,32.0,,75
891,SONG,3.0,996,,13.0,73
892,MOVIE,5.0,997,19.0,,75
893,MOVIE,1.0,999,34.0,,75
894,SONG,0.5,998,,21.0,73
895,SONG,1.0,1000,,18.0,75
896,SONG,1.0,1001,,35.0,73
897,MOVIE,4.0,1002,20.0,,75
898,SONG,0.5,1004,,29.0,75
899,SONG,4.5,1003,,8.0,73
900,MOVIE,3.0,1005,10.0,,75
901,SONG,3.0,1006,,33.0,73
902,SONG,4.5,1008,,1.0,73
903,MOVIE,1.5,1007,1.0,,75
904,SONG,2.0,1010,,19.0,75
905,SONG,3.5,1009,,24.0,73
906,SONG,4.5,1012,,15.0,73
907,MOVIE,4.0,1011,25.0,,75
908,MOVIE,3.0,1014,28.0,,75
909,MOVIE,0.5,1013,7.0,,73
910,SONG,5.0,1015,,32.0,75
911,MOVIE,3.5,1016,21.0,,75
912,MOVIE,1.0,1017,32.0,,73
913,SONG,5.0,1018,,24.0,75
914,SONG,4.0,1020,,26.0,75
915,MOVIE,1.0,1019,31.0,,73
916,MOVIE,5.0,1021,14.0,,75
920,MOVIE,2.5,1024,13.0,,73
921,MOVIE,4.5,1026,3.0,,75
924,MOVIE,3.0,1029,24.0,,73
1273,MOVIE,5.0,1399,5.0,,89
1274,SONG,0.0,1400,,4.0,89
1275,SONG,2.0,1401,,9.0,89
1277,SONG,5.0,1403,,22.0,89
1278,SONG,2.0,1405,,34.0,89
1279,SONG,3.0,1406,,35.0,89
1280,SONG,3.0,1407,,23.0,89
1282,SONG,5.0,1409,,33.0,89
1284,SONG,5.0,1411,,3.0,89
1286,SONG,4.0,1413,,31.0,89
1292,SONG,4.5,1420,,12.0,89
1294,SONG,3.5,1422,,19.0,89
1297,MOVIE,5.0,1425,13.0,,89
1313,SONG,4.5,1441,,12.0,90
1314,SONG,3.0,1442,,22.0,90
1319,SONG,5.0,1447,,18.0,90
1322,SONG,3.0,1450,,25.0,90
1324,SONG,3.0,1452,,11.0,90
1325,SONG,0.5,1453,,31.0,90
1326,SONG,1.0,1454,,19.0,90
1327,SONG,3.5,1455,,5.0,90
1328,SONG,0.5,1456,,27.0,90
1329,SONG,4.0,1457,,28.0,90
1330,SONG,5.0,1458,,32.0,90
1331,SONG,4.5,1459,,33.0,90
1332,SONG,0.5,1460,,30.0,90
1333,SONG,3.5,1461,,7.0,90
1334,SONG,4.5,1462,,8.0,90
1335,SONG,2.0,1463,,3.0,90
1336,SONG,1.5,1464,,10.0,90
1337,SONG,1.0,1465,,1.0,90
1338,SONG,2.5,1466,,6.0,90
1339,SONG,3.0,1467,,16.0,90
1340,SONG,2.0,1468,,34.0,90
1341,SONG,4.0,1470,,14.0,90
1343,MOVIE,4.0,1469,2.0,,91
1344,SONG,3.5,1475,,18.0,92
1352,SONG,5.0,1483,,3.0,93
1353,SONG,5.0,1484,,12.0,93
1354,SONG,5.0,1485,,16.0,93
1357,SONG,4.0,1488,,5.0,93
1358,SONG,1.0,1489,,11.0,93
1360,SONG,3.0,1491,,13.0,94
1370,SONG,2.5,1501,,20.0,96
1379,SONG,4.0,1510,,28.0,97
1386,SONG,5.0,1517,,7.0,99
1388,MOVIE,3.5,1519,22.0,,99
1389,MOVIE,1.5,1520,8.0,,99
1392,SONG,1.0,1523,,9.0,99
1395,SONG,2.0,1526,,12.0,99
1398,SONG,5.0,1529,,28.0,99
1402,SONG,0.0,1533,,35.0,99
1403,MOVIE,1.0,1534,35.0,,99
1404,MOVIE,0.0,1535,7.0,,99
1410,MOVIE,1.0,1541,34.0,,99
1411,MOVIE,2.5,1542,4.0,,99
1419,MOVIE,4.5,1550,1.0,,100
1426,SONG,5.0,1557,,12.0,100
1427,SONG,0.0,1558,,28.0,100
1429,SONG,4.0,1560,,11.0,100
1433,SONG,4.0,1564,,26.0,100
1435,SONG,4.5,1566,,24.0,100
1437,MOVIE,4.5,1568,32.0,,100
1438,MOVIE,2.0,1569,12.0,,100
1439,MOVIE,5.0,1570,23.0,,100
1442,SONG,4.5,1573,,15.0,100
1449,SONG,3.0,1580,,15.0,101
1450,SONG,1.5,1581,,18.0,101
1451,SONG,2.0,1582,,7.0,101
1452,SONG,1.0,1584,,21.0,101
1453,SONG,3.0,1585,,22.0,101
1455,SONG,4.5,1587,,34.0,101
1457,MOVIE,5.0,1588,1.0,,101
1458,SONG,5.0,1589,,4.0,102
1460,SONG,2.0,1591,,24.0,102
1463,MOVIE,4.0,1594,29.0,,102
1485,MOVIE,4.0,1616,1.0,,103
1504,MOVIE,3.0,1635,16.0,,105
1510,SONG,3.0,1646,,26.0,106
1511,SONG,5.0,1647,,6.0,106
1512,SONG,4.5,1648,,5.0,106
1534,MOVIE,4.0,1670,28.0,,35
1535,SONG,5.0,1671,,33.0,35
1537,SONG,5.0,1675,,16.0,35
1538,SONG,3.0,1676,,18.0,35
1539,SONG,4.5,1677,,23.0,35
1541,MOVIE,5.0,1679,25.0,,35
1546,SONG,5.0,1689,,3.0,35
1552,SONG,5.0,1695,,4.0,107
1611,MOVIE,2.5,1755,3.0,,107
1617,MOVIE,0.0,1761,31.0,,107
1618,MOVIE,4.0,1762,17.0,,107
1619,MOVIE,5.0,1763,14.0,,107
1632,SONG,3.5,1777,,33.0,108
1633,SONG,2.0,1778,,11.0,108
1634,SONG,3.0,1779,,30.0,108
1635,SONG,2.5,1780,,1.0,108
1643,SONG,4.5,1788,,15.0,108
1644,SONG,4.0,1789,,13.0,108
1646,SONG,0.0,1791,,32.0,108
1647,SONG,4.5,1792,,18.0,108
1648,SONG,1.0,1793,,4.0,108
1649,SONG,4.0,1794,,25.0,108
917,MOVIE,2.0,1022,25.0,,73
918,MOVIE,4.5,1023,18.0,,75
919,SONG,1.5,1025,,25.0,75
922,MOVIE,3.0,1027,2.0,,73
923,SONG,3.0,1028,,2.0,75
926,MOVIE,0.0,1031,10.0,,73
927,SONG,4.5,1032,,10.0,75
928,MOVIE,1.0,1033,11.0,,73
929,MOVIE,5.0,1034,11.0,,75
930,MOVIE,4.0,1036,31.0,,75
931,MOVIE,2.0,1035,18.0,,73
932,MOVIE,1.5,1037,26.0,,75
933,MOVIE,2.0,1038,17.0,,73
934,SONG,5.0,1039,,3.0,75
935,MOVIE,2.0,1041,12.0,,75
936,MOVIE,4.0,1040,4.0,,73
938,SONG,0.5,1043,,23.0,75
1289,SONG,1.5,1416,,1.0,89
1295,MOVIE,0.0,1423,12.0,,89
1299,MOVIE,3.0,1427,23.0,,89
1301,MOVIE,4.0,1429,17.0,,89
1346,SONG,1.5,1476,,1.0,92
1347,SONG,4.0,1477,,11.0,92
1355,SONG,5.0,1486,,25.0,93
1356,SONG,0.5,1487,,22.0,93
1359,SONG,2.5,1490,,24.0,94
1371,SONG,3.5,1502,,26.0,96
1380,MOVIE,2.0,1511,25.0,,97
1381,SONG,3.5,1512,,8.0,97
1387,SONG,3.0,1518,,20.0,99
1390,SONG,3.0,1521,,33.0,99
1391,SONG,1.0,1522,,18.0,99
1393,SONG,1.0,1524,,10.0,99
1394,SONG,0.0,1525,,16.0,99
1396,SONG,4.0,1527,,29.0,99
1397,SONG,4.0,1528,,24.0,99
1399,SONG,0.0,1530,,34.0,99
1400,SONG,1.0,1531,,5.0,99
1401,SONG,0.0,1532,,17.0,99
1405,MOVIE,0.5,1536,28.0,,99
1406,MOVIE,1.0,1537,11.0,,99
1407,MOVIE,0.0,1538,27.0,,99
1408,MOVIE,1.0,1539,9.0,,99
1409,MOVIE,5.0,1540,29.0,,99
1443,MOVIE,4.5,1574,15.0,,39
1444,MOVIE,3.0,1575,16.0,,39
1464,MOVIE,4.5,1595,4.0,,103
1465,MOVIE,3.0,1596,22.0,,103
1466,MOVIE,3.0,1597,20.0,,103
1467,MOVIE,4.0,1598,33.0,,103
1468,MOVIE,4.0,1599,10.0,,103
1469,MOVIE,4.0,1600,23.0,,103
1470,MOVIE,4.5,1601,11.0,,103
1471,MOVIE,2.5,1602,2.0,,103
1473,MOVIE,4.0,1604,17.0,,103
1474,MOVIE,4.5,1605,12.0,,103
1477,MOVIE,3.5,1608,24.0,,103
1478,MOVIE,4.5,1609,9.0,,103
1479,MOVIE,3.5,1610,31.0,,103
1487,MOVIE,1.5,1618,27.0,,104
1488,SONG,4.0,1619,,27.0,104
1505,SONG,1.5,1641,,2.0,106
1506,SONG,4.0,1642,,34.0,106
1513,SONG,2.5,1649,,28.0,106
1514,MOVIE,4.5,1650,30.0,,106
1515,SONG,4.0,1651,,25.0,106
1516,SONG,5.0,1652,,13.0,106
1536,SONG,5.0,1672,,21.0,35
1540,MOVIE,4.0,1678,13.0,,35
1542,SONG,3.5,1680,,13.0,35
1543,MOVIE,4.0,1681,23.0,,35
1547,SONG,3.5,1690,,27.0,35
1553,SONG,4.0,1696,,11.0,107
1554,MOVIE,3.0,1697,27.0,,107
1555,SONG,3.0,1698,,34.0,107
1556,SONG,0.0,1699,,27.0,107
1558,SONG,5.0,1701,,10.0,107
1561,SONG,2.0,1704,,18.0,107
1566,SONG,4.0,1709,,17.0,107
1567,SONG,2.0,1710,,25.0,107
1568,SONG,1.0,1711,,7.0,107
1570,SONG,3.0,1713,,19.0,107
1571,SONG,3.0,1714,,33.0,107
1572,SONG,1.0,1715,,31.0,107
1574,SONG,5.0,1717,,26.0,107
1576,SONG,3.0,1719,,2.0,107
1584,SONG,2.0,1727,,20.0,107
1586,SONG,4.0,1729,,3.0,107
1588,SONG,0.0,1731,,32.0,107
1589,MOVIE,2.0,1733,16.0,,107
1590,MOVIE,5.0,1734,21.0,,107
1591,MOVIE,5.0,1735,5.0,,107
1592,MOVIE,2.5,1736,33.0,,107
1593,MOVIE,4.5,1737,32.0,,107
1599,MOVIE,3.5,1743,4.0,,107
1600,MOVIE,5.0,1744,9.0,,107
1601,MOVIE,5.0,1745,8.0,,107
1602,MOVIE,2.5,1746,12.0,,107
1603,MOVIE,2.0,1747,30.0,,107
1605,MOVIE,0.0,1749,7.0,,107
1606,MOVIE,2.0,1750,25.0,,107
1607,MOVIE,0.0,1751,26.0,,107
1608,MOVIE,0.5,1752,29.0,,107
1612,MOVIE,3.0,1756,35.0,,107
1613,MOVIE,5.0,1757,1.0,,107
1620,MOVIE,1.5,1764,6.0,,107
1650,SONG,4.0,1795,,24.0,108
925,MOVIE,3.0,1030,27.0,,75
937,SONG,1.0,1042,,7.0,75
939,MOVIE,0.5,1045,2.0,,75
940,MOVIE,4.5,1044,17.0,,76
941,MOVIE,1.0,1046,15.0,,75
942,SONG,5.0,1048,,16.0,75
943,SONG,5.0,1049,,13.0,75
944,SONG,5.0,1047,,23.0,76
945,SONG,5.0,1050,,1.0,75
946,SONG,5.0,1051,,20.0,75
947,MOVIE,5.0,1052,9.0,,75
948,MOVIE,5.0,1053,5.0,,75
949,SONG,4.5,1054,,34.0,75
950,SONG,4.5,1055,,5.0,75
951,SONG,0.5,1056,,31.0,75
952,MOVIE,2.0,1057,29.0,,75
953,SONG,2.0,1058,,6.0,75
954,MOVIE,5.0,1059,6.0,,75
955,MOVIE,3.0,1060,7.0,,75
956,SONG,4.0,1062,,17.0,75
957,SONG,2.0,1064,,8.0,75
958,MOVIE,1.5,1068,10.0,,77
959,SONG,1.5,1069,,35.0,77
960,MOVIE,4.0,1070,32.0,,77
961,SONG,2.0,1071,,11.0,77
962,SONG,2.0,1073,,6.0,77
963,MOVIE,1.0,1074,19.0,,77
964,MOVIE,4.0,1072,25.0,,78
965,MOVIE,5.0,1075,28.0,,77
966,SONG,0.0,1077,,14.0,77
967,MOVIE,3.0,1078,27.0,,77
968,MOVIE,5.0,1079,13.0,,77
969,MOVIE,2.0,1080,31.0,,77
970,SONG,5.0,1081,,24.0,77
971,MOVIE,5.0,1082,8.0,,77
972,MOVIE,4.0,1076,33.0,,78
973,SONG,1.0,1083,,20.0,77
974,SONG,1.0,1085,,25.0,77
975,SONG,0.0,1086,,15.0,77
976,SONG,3.0,1084,,13.0,78
977,MOVIE,0.0,1087,30.0,,77
978,SONG,0.0,1089,,27.0,77
979,MOVIE,3.0,1088,3.0,,78
980,SONG,3.0,1090,,4.0,77
981,MOVIE,1.5,1091,26.0,,78
982,SONG,5.0,1092,,33.0,77
983,MOVIE,0.0,1093,34.0,,77
984,MOVIE,3.0,1094,23.0,,77
985,SONG,0.0,1095,,3.0,77
986,SONG,1.0,1096,,26.0,77
987,SONG,0.0,1097,,29.0,77
988,SONG,0.0,1098,,8.0,77
989,MOVIE,0.0,1099,15.0,,77
990,MOVIE,2.0,1100,12.0,,77
991,MOVIE,4.0,1101,33.0,,77
992,SONG,0.0,1102,,30.0,77
993,SONG,2.0,1103,,21.0,77
994,MOVIE,1.0,1104,16.0,,77
995,SONG,2.5,1106,,7.0,77
996,SONG,0.0,1107,,34.0,77
997,SONG,3.0,1109,,34.0,79
998,MOVIE,5.0,1108,11.0,,77
999,SONG,5.0,1110,,29.0,79
1000,SONG,5.0,1112,,21.0,79
1001,MOVIE,5.0,1113,7.0,,79
1002,SONG,1.5,1114,,35.0,79
1003,MOVIE,5.0,1111,20.0,,77
1004,MOVIE,1.5,1115,5.0,,79
1005,SONG,0.0,1116,,18.0,77
1006,MOVIE,3.0,1117,11.0,,79
1007,SONG,5.0,1119,,14.0,79
1008,SONG,0.0,1118,,19.0,77
1009,MOVIE,4.0,1120,20.0,,79
1010,SONG,5.0,1122,,26.0,79
1011,MOVIE,2.0,1123,3.0,,79
1012,SONG,5.0,1124,,24.0,79
1013,SONG,4.0,1125,,32.0,79
1014,MOVIE,5.0,1126,9.0,,77
1015,SONG,2.0,1128,,10.0,77
1016,SONG,5.0,1127,,2.0,79
1017,SONG,3.5,1130,,16.0,79
1018,SONG,1.0,1129,,2.0,77
1019,SONG,3.5,1132,,17.0,79
1020,MOVIE,5.0,1133,30.0,,28
1021,MOVIE,3.0,1134,33.0,,28
1022,SONG,1.0,1135,,23.0,28
1023,MOVIE,2.0,1136,29.0,,28
1024,MOVIE,4.0,1137,31.0,,28
1025,SONG,5.0,1138,,31.0,28
1026,MOVIE,3.5,1139,27.0,,28
1027,MOVIE,4.0,1140,32.0,,28
1028,SONG,5.0,1141,,26.0,28
1029,SONG,5.0,1142,,24.0,28
1030,MOVIE,4.5,1143,22.0,,28
1031,SONG,4.5,1144,,21.0,28
1032,SONG,3.5,1145,,34.0,28
1033,MOVIE,4.0,1146,25.0,,28
1034,MOVIE,3.5,1148,34.0,,28
1035,SONG,3.0,1147,,28.0,77
1036,MOVIE,4.5,1149,24.0,,28
1037,SONG,4.0,1151,,32.0,28
1038,SONG,4.0,1152,,22.0,28
1039,SONG,4.5,1153,,33.0,28
1040,MOVIE,1.0,1150,7.0,,77
1041,MOVIE,5.0,1154,23.0,,28
1042,SONG,2.0,1155,,12.0,77
1043,MOVIE,0.5,1156,35.0,,28
1044,SONG,0.0,1157,,17.0,77
1045,SONG,5.0,1158,,1.0,77
1047,SONG,5.0,1161,,30.0,28
1049,SONG,4.0,1163,,29.0,28
1050,MOVIE,5.0,1160,18.0,,77
1052,SONG,2.0,1165,,5.0,77
1055,SONG,1.0,1167,,22.0,77
1056,SONG,4.0,1170,,25.0,28
1057,MOVIE,4.0,1171,29.0,,77
1058,SONG,3.0,1174,,23.0,77
1060,MOVIE,5.0,1176,22.0,,77
1063,SONG,4.0,1179,,32.0,32
1064,SONG,2.0,1182,,32.0,77
1065,SONG,3.5,1183,,11.0,32
1066,MOVIE,4.0,1184,1.0,,77
1067,SONG,5.0,1185,,24.0,32
1070,SONG,1.0,1188,,34.0,32
1071,SONG,0.0,1190,,23.0,32
1302,MOVIE,2.0,1430,10.0,,89
1303,MOVIE,5.0,1431,4.0,,89
1304,MOVIE,2.0,1432,26.0,,89
1305,MOVIE,5.0,1433,27.0,,89
1306,MOVIE,5.0,1434,21.0,,89
1307,MOVIE,5.0,1435,9.0,,89
1348,SONG,5.0,1478,,31.0,92
1361,SONG,4.0,1492,,19.0,95
1362,SONG,2.0,1493,,20.0,95
1363,MOVIE,4.0,1494,20.0,,96
1364,MOVIE,4.0,1495,34.0,,96
1366,SONG,5.0,1497,,12.0,96
1368,SONG,5.0,1499,,7.0,96
1372,MOVIE,5.0,1503,28.0,,97
1374,SONG,3.0,1505,,7.0,97
1375,MOVIE,5.0,1506,14.0,,97
1376,SONG,5.0,1507,,17.0,97
1377,SONG,5.0,1508,,16.0,97
1378,MOVIE,5.0,1509,7.0,,97
1382,MOVIE,5.0,1513,2.0,,97
1383,MOVIE,5.0,1514,35.0,,97
1384,MOVIE,5.0,1515,18.0,,97
1412,SONG,4.0,1543,,31.0,100
1445,MOVIE,3.5,1576,30.0,,39
1472,MOVIE,3.0,1603,35.0,,103
1475,MOVIE,3.5,1606,13.0,,103
1476,MOVIE,1.5,1607,3.0,,103
1489,SONG,0.0,1620,,25.0,40
1490,SONG,3.5,1621,,23.0,40
1491,SONG,0.0,1622,,27.0,40
1492,SONG,0.0,1623,,9.0,40
1493,SONG,3.5,1624,,33.0,40
1495,SONG,4.0,1626,,35.0,40
1496,SONG,4.0,1627,,24.0,40
1501,SONG,0.0,1632,,34.0,40
1507,SONG,3.5,1643,,17.0,106
1517,SONG,1.5,1653,,21.0,106
1518,SONG,3.5,1654,,16.0,106
1519,MOVIE,5.0,1655,12.0,,106
1520,SONG,4.0,1656,,19.0,106
1521,SONG,4.0,1657,,27.0,106
1522,MOVIE,1.5,1658,21.0,,106
1523,MOVIE,4.5,1659,29.0,,106
1524,SONG,4.0,1660,,14.0,106
1526,SONG,3.5,1662,,9.0,106
1527,MOVIE,1.0,1663,16.0,,106
1528,MOVIE,2.5,1664,32.0,,106
1529,SONG,2.0,1665,,1.0,106
1530,MOVIE,3.5,1666,5.0,,106
1531,SONG,3.5,1667,,20.0,106
1532,SONG,4.5,1668,,22.0,106
1544,MOVIE,3.5,1684,20.0,,35
1548,MOVIE,3.5,1691,22.0,,35
1549,SONG,3.5,1692,,22.0,35
1550,SONG,4.0,1693,,15.0,35
1557,SONG,4.0,1700,,30.0,107
1559,SONG,0.0,1702,,28.0,107
1560,MOVIE,4.0,1703,23.0,,107
1562,SONG,0.0,1705,,21.0,107
1563,SONG,4.0,1706,,14.0,107
1564,SONG,0.0,1707,,29.0,107
1565,SONG,5.0,1708,,12.0,107
1569,SONG,1.0,1712,,23.0,107
1573,SONG,5.0,1716,,13.0,107
1575,SONG,3.0,1718,,35.0,107
1577,SONG,3.0,1720,,24.0,107
1578,SONG,0.0,1721,,6.0,107
1579,SONG,2.0,1722,,15.0,107
1580,SONG,3.0,1723,,16.0,107
1581,SONG,4.0,1724,,8.0,107
1582,SONG,5.0,1725,,5.0,107
1583,SONG,4.0,1726,,9.0,107
1585,SONG,0.0,1728,,22.0,107
1587,SONG,5.0,1730,,1.0,107
1594,MOVIE,4.0,1738,19.0,,107
1595,MOVIE,4.0,1739,18.0,,107
1596,MOVIE,4.5,1740,13.0,,107
1597,MOVIE,4.5,1741,20.0,,107
1598,MOVIE,0.0,1742,11.0,,107
1604,MOVIE,2.0,1748,10.0,,107
1609,MOVIE,1.5,1753,28.0,,107
1614,MOVIE,5.0,1758,34.0,,107
1615,MOVIE,5.0,1759,22.0,,107
1621,MOVIE,4.5,1765,15.0,,107
1622,SONG,0.0,1767,,22.0,108
1623,SONG,3.5,1768,,14.0,108
1626,SONG,4.5,1771,,8.0,108
1627,SONG,2.0,1772,,10.0,108
1630,SONG,0.5,1775,,6.0,108
1046,MOVIE,4.5,1159,26.0,,28
1048,MOVIE,5.0,1162,28.0,,28
1051,SONG,1.5,1164,,35.0,28
1053,SONG,3.5,1166,,27.0,28
1054,SONG,5.0,1168,,28.0,28
1059,SONG,2.0,1175,,16.0,77
1061,SONG,2.0,1177,,13.0,77
1062,SONG,0.0,1180,,9.0,77
1068,SONG,2.0,1187,,7.0,32
1069,MOVIE,4.0,1186,14.0,,77
1072,SONG,1.0,1191,,28.0,32
1073,SONG,3.5,1193,,31.0,32
1074,MOVIE,4.0,1181,18.0,,80
1075,MOVIE,0.0,1195,21.0,,77
1076,SONG,3.0,1194,,29.0,32
1077,SONG,4.0,1196,,4.0,32
1078,SONG,5.0,1198,,8.0,32
1079,SONG,1.5,1199,,22.0,32
1080,MOVIE,0.0,1197,25.0,,77
1081,SONG,1.0,1200,,31.0,77
1082,SONG,1.0,1201,,19.0,32
1083,SONG,5.0,1204,,3.0,32
1084,MOVIE,1.0,1203,26.0,,77
1085,MOVIE,0.0,1207,17.0,,77
1086,MOVIE,0.0,1208,24.0,,77
1087,MOVIE,5.0,1205,25.0,,32
1088,MOVIE,2.0,1209,35.0,,77
1089,MOVIE,0.0,1210,6.0,,77
1090,MOVIE,0.0,1211,3.0,,77
1091,MOVIE,5.0,1212,4.0,,77
1092,MOVIE,4.0,1213,2.0,,77
1093,MOVIE,3.0,1214,5.0,,77
1094,SONG,1.5,1216,,33.0,81
1095,SONG,5.0,1217,,13.0,81
1096,SONG,3.0,1218,,16.0,81
1097,SONG,3.0,1219,,35.0,81
1098,SONG,3.5,1220,,18.0,81
1099,MOVIE,3.5,1221,12.0,,81
1100,SONG,4.0,1222,,17.0,81
1101,SONG,4.0,1223,,3.0,81
1102,SONG,2.5,1224,,19.0,81
1103,SONG,2.5,1225,,26.0,81
1104,SONG,2.0,1226,,21.0,81
1105,SONG,2.5,1227,,25.0,81
1106,MOVIE,4.0,1228,35.0,,81
1107,SONG,2.5,1229,,29.0,81
1108,MOVIE,3.5,1230,2.0,,81
1109,MOVIE,3.5,1231,8.0,,81
1110,MOVIE,4.0,1232,14.0,,81
1111,SONG,4.0,1233,,34.0,81
1112,MOVIE,4.0,1234,33.0,,81
1113,MOVIE,2.5,1235,15.0,,81
1114,SONG,3.5,1236,,14.0,81
1115,SONG,4.5,1237,,9.0,81
1116,SONG,4.0,1238,,11.0,81
1117,MOVIE,3.5,1239,19.0,,81
1118,SONG,2.5,1240,,15.0,81
1119,SONG,2.0,1241,,20.0,81
1120,MOVIE,4.0,1242,32.0,,81
1121,SONG,4.0,1243,,1.0,81
1122,MOVIE,4.0,1244,9.0,,81
1123,SONG,2.5,1245,,2.0,81
1124,MOVIE,3.5,1246,26.0,,81
1125,SONG,4.0,1247,,5.0,81
1126,MOVIE,4.0,1248,23.0,,81
1127,MOVIE,4.0,1249,6.0,,81
1128,SONG,3.0,1250,,6.0,81
1129,MOVIE,4.0,1251,27.0,,81
1130,SONG,3.0,1252,,24.0,81
1131,MOVIE,4.0,1253,7.0,,81
1132,SONG,4.0,1254,,30.0,81
1133,MOVIE,4.0,1255,18.0,,81
1134,MOVIE,4.0,1256,13.0,,81
1135,MOVIE,5.0,1257,34.0,,64
1136,SONG,4.0,1258,,30.0,64
1137,MOVIE,4.0,1259,18.0,,82
1138,MOVIE,4.0,1260,30.0,,64
1139,SONG,5.0,1261,,30.0,82
1140,SONG,1.0,1263,,35.0,82
1141,SONG,1.5,1264,,29.0,82
1142,MOVIE,3.5,1262,17.0,,64
1143,MOVIE,3.0,1265,34.0,,82
1144,SONG,3.0,1266,,26.0,64
1145,MOVIE,3.5,1267,8.0,,64
1146,SONG,5.0,1268,,33.0,64
1147,SONG,4.0,1269,,23.0,64
1148,MOVIE,5.0,1270,32.0,,64
1149,MOVIE,4.0,1271,15.0,,64
1150,MOVIE,4.5,1272,25.0,,64
1151,SONG,5.0,1273,,13.0,64
1152,SONG,4.0,1274,,19.0,64
1153,MOVIE,2.0,1275,24.0,,64
1154,SONG,5.0,1276,,16.0,64
1155,MOVIE,5.0,1277,35.0,,64
1156,MOVIE,3.5,1278,31.0,,81
1157,MOVIE,4.0,1279,26.0,,64
1158,MOVIE,2.5,1280,19.0,,64
1159,SONG,2.0,1281,,29.0,64
1160,SONG,4.5,1282,,24.0,64
1161,MOVIE,3.0,1283,22.0,,64
1162,MOVIE,4.5,1284,28.0,,64
1163,MOVIE,5.0,1285,23.0,,64
1164,SONG,3.0,1286,,21.0,64
1165,SONG,2.0,1287,,1.0,64
1166,SONG,1.5,1288,,2.0,36
1167,MOVIE,0.5,1289,10.0,,83
1170,MOVIE,3.0,1293,33.0,,83
1171,SONG,2.5,1294,,3.0,83
1172,SONG,4.0,1295,,10.0,84
1173,SONG,4.0,1296,,15.0,84
1174,SONG,2.0,1297,,25.0,84
1175,SONG,3.0,1298,,28.0,84
1176,SONG,2.0,1299,,21.0,84
1177,SONG,3.5,1300,,8.0,84
1178,SONG,2.0,1301,,29.0,84
1179,SONG,1.0,1302,,11.0,84
1180,SONG,3.5,1303,,18.0,84
1181,SONG,3.5,1304,,34.0,84
1182,SONG,4.5,1305,,5.0,84
1183,SONG,1.5,1306,,1.0,84
1184,SONG,2.5,1307,,9.0,84
1185,SONG,2.5,1308,,24.0,84
1186,SONG,1.5,1309,,31.0,84
1187,SONG,0.5,1310,,7.0,84
1188,SONG,2.5,1311,,35.0,84
1189,SONG,0.5,1312,,22.0,84
1190,SONG,3.5,1313,,33.0,84
1191,SONG,4.5,1314,,17.0,84
1192,SONG,3.0,1315,,2.0,84
1193,SONG,1.0,1316,,12.0,84
1194,SONG,3.0,1317,,6.0,84
1195,SONG,0.5,1318,,32.0,84
1196,SONG,2.0,1319,,4.0,84
1197,SONG,1.0,1320,,26.0,84
1198,SONG,2.0,1321,,23.0,84
1199,SONG,2.0,1322,,14.0,84
1200,SONG,3.5,1323,,19.0,84
1201,SONG,1.5,1324,,3.0,84
1202,SONG,0.5,1325,,27.0,84
1203,SONG,3.5,1326,,13.0,84
1204,SONG,2.0,1327,,16.0,84
1205,MOVIE,3.5,1328,19.0,,85
1206,SONG,2.5,1329,,35.0,85
1207,MOVIE,5.0,1330,4.0,,85
1208,MOVIE,0.5,1331,7.0,,85
1209,MOVIE,5.0,1332,1.0,,85
1210,MOVIE,4.5,1334,8.0,,85
1211,MOVIE,3.5,1335,20.0,,85
1212,SONG,0.0,1336,,9.0,86
1213,SONG,1.0,1337,,25.0,86
1214,SONG,3.0,1338,,24.0,86
1215,SONG,4.0,1339,,5.0,86
1216,SONG,5.0,1340,,4.0,86
1217,SONG,3.0,1341,,12.0,86
1218,SONG,3.0,1342,,15.0,86
1219,SONG,0.0,1343,,17.0,86
1220,SONG,0.0,1344,,30.0,86
1221,SONG,1.0,1345,,2.0,86
1222,SONG,4.0,1346,,11.0,86
1223,SONG,4.0,1347,,19.0,86
1224,SONG,4.0,1348,,23.0,86
1225,SONG,1.0,1349,,34.0,86
1226,SONG,1.0,1350,,31.0,86
1227,SONG,4.0,1351,,3.0,86
1228,SONG,5.0,1352,,6.0,86
1229,SONG,4.0,1353,,32.0,86
1230,SONG,0.0,1354,,18.0,86
1231,SONG,4.0,1355,,28.0,86
1232,SONG,2.0,1356,,13.0,86
1233,SONG,5.0,1357,,8.0,86
1234,SONG,1.0,1358,,1.0,86
1235,SONG,4.0,1359,,21.0,86
1236,SONG,5.0,1360,,7.0,86
1237,SONG,3.0,1361,,26.0,86
1238,SONG,0.0,1362,,27.0,86
1239,SONG,1.0,1363,,20.0,86
1240,SONG,1.0,1364,,14.0,86
1241,SONG,4.0,1365,,10.0,86
1242,SONG,2.0,1366,,33.0,86
1243,SONG,0.0,1367,,29.0,86
1244,SONG,3.0,1368,,16.0,86
1245,SONG,3.0,1369,,35.0,86
1246,SONG,3.0,1370,,22.0,86
1247,SONG,2.5,1372,,11.0,87
1248,SONG,1.0,1373,,22.0,87
1249,MOVIE,3.0,1374,22.0,,87
1250,SONG,1.0,1375,,2.0,87
1251,SONG,1.0,1376,,6.0,87
1252,SONG,1.0,1377,,31.0,87
1253,SONG,0.0,1378,,35.0,87
1254,SONG,4.5,1379,,6.0,88
1255,SONG,5.0,1380,,13.0,88
1256,SONG,5.0,1381,,1.0,88
1257,SONG,3.0,1382,,14.0,88
1258,SONG,4.0,1383,,17.0,88
1259,SONG,1.0,1384,,27.0,88
1260,SONG,0.5,1385,,21.0,88
1261,SONG,0.5,1386,,31.0,88
1262,SONG,0.5,1387,,18.0,88
1263,SONG,1.5,1388,,26.0,88
1264,SONG,2.5,1389,,11.0,88
1265,SONG,3.5,1390,,35.0,88
1266,SONG,2.5,1392,,6.0,89
1267,SONG,3.0,1393,,11.0,89
1268,MOVIE,5.0,1394,20.0,,89
1269,MOVIE,5.0,1395,32.0,,89
1270,MOVIE,5.0,1396,32.0,,89
1271,MOVIE,3.0,1397,19.0,,89
1308,SONG,2.0,1436,,20.0,90
1309,SONG,4.0,1437,,26.0,90
1310,SONG,3.0,1438,,21.0,90
1311,SONG,2.0,1439,,2.0,90
1663,MOVIE,3.5,1809,16.0,,108
1664,MOVIE,1.5,1810,17.0,,108
1666,MOVIE,1.5,1812,3.0,,108
1667,MOVIE,3.0,1813,26.0,,108
1668,MOVIE,5.0,1814,1.0,,108
1665,MOVIE,4.0,1811,28.0,,108
1669,MOVIE,3.0,1815,5.0,,108
1670,MOVIE,1.5,1816,25.0,,108
1671,MOVIE,3.0,1817,27.0,,108
1672,MOVIE,2.0,1818,24.0,,108
1673,MOVIE,3.0,1819,10.0,,108
1674,MOVIE,5.0,1820,9.0,,108
1675,MOVIE,3.5,1821,13.0,,108
1676,MOVIE,4.0,1822,2.0,,108
1677,MOVIE,5.0,1823,22.0,,108
1678,MOVIE,2.5,1824,14.0,,108
1679,MOVIE,2.5,1825,30.0,,108
1680,MOVIE,4.5,1826,29.0,,108
1681,MOVIE,4.5,1827,8.0,,108
1682,MOVIE,5.0,1828,4.0,,108
1683,MOVIE,4.0,1829,32.0,,108
1684,MOVIE,1.5,1830,6.0,,108
1685,MOVIE,4.0,1831,11.0,,108
1686,MOVIE,3.5,1832,19.0,,108
1687,MOVIE,4.5,1833,21.0,,108
1688,MOVIE,3.5,1834,33.0,,108
1689,MOVIE,2.0,1835,35.0,,108
1690,MOVIE,1.5,1836,20.0,,108
1691,MOVIE,1.5,1837,31.0,,108
1692,SONG,3.5,1839,,30.0,40
1693,SONG,5.0,1840,,26.0,40
1694,SONG,0.5,1841,,20.0,40
1695,MOVIE,3.0,1844,32.0,,40
1696,MOVIE,1.5,1845,16.0,,40
1697,MOVIE,4.5,1846,12.0,,40
1698,MOVIE,4.5,1847,9.0,,40
1699,MOVIE,0.5,1848,11.0,,40
1700,MOVIE,3.5,1849,4.0,,40
1701,MOVIE,3.5,1850,19.0,,40
1702,MOVIE,0.0,1851,34.0,,40
1703,MOVIE,0.0,1852,6.0,,40
1704,MOVIE,3.5,1853,2.0,,40
1705,MOVIE,1.0,1854,5.0,,40
1706,MOVIE,0.0,1855,15.0,,40
1707,MOVIE,0.0,1856,25.0,,40
1708,MOVIE,5.0,1857,8.0,,40
1709,MOVIE,3.0,1858,27.0,,40
1710,MOVIE,4.0,1859,18.0,,40
1711,MOVIE,0.5,1860,26.0,,40
1712,MOVIE,2.0,1861,10.0,,40
1713,MOVIE,0.0,1862,14.0,,40
1714,MOVIE,3.0,1863,21.0,,40
1715,MOVIE,0.0,1864,20.0,,40
1716,MOVIE,0.0,1865,31.0,,40
1717,MOVIE,0.0,1866,24.0,,40
1718,MOVIE,4.0,1867,33.0,,40
1719,MOVIE,4.5,1868,22.0,,40
1720,MOVIE,5.0,1869,28.0,,40
1721,MOVIE,2.0,1870,13.0,,40
1722,MOVIE,0.0,1871,30.0,,40
1723,MOVIE,3.0,1872,23.0,,40
1724,MOVIE,3.0,1873,1.0,,40
1725,MOVIE,2.0,1874,29.0,,40
1726,MOVIE,0.0,1875,17.0,,40
1727,MOVIE,3.5,1876,35.0,,40
1728,MOVIE,0.0,1877,3.0,,40
1729,MOVIE,0.0,1878,7.0,,40
1730,SONG,2.0,1880,,23.0,109
1731,MOVIE,4.0,1881,4.0,,109
1732,MOVIE,3.0,1882,6.0,,109
1733,SONG,5.0,1883,,8.0,109
1734,SONG,1.0,1884,,29.0,109
1735,SONG,3.0,1885,,20.0,109
1736,MOVIE,2.0,1886,19.0,,109
1737,MOVIE,3.0,1887,13.0,,109
1738,MOVIE,1.0,1888,15.0,,109
1739,MOVIE,4.0,1889,17.0,,109
1740,MOVIE,4.0,1890,5.0,,109
1741,MOVIE,4.0,1891,2.0,,109
1742,MOVIE,0.0,1892,28.0,,109
1743,SONG,4.0,1893,,33.0,109
1744,MOVIE,4.0,1894,9.0,,109
1745,SONG,1.0,1895,,28.0,109
1746,MOVIE,4.0,1896,11.0,,109
1747,SONG,2.0,1897,,1.0,109
1748,SONG,3.0,1898,,13.0,109
1749,MOVIE,3.0,1899,32.0,,109
1750,SONG,4.0,1900,,12.0,109
1751,MOVIE,1.0,1901,31.0,,109
1752,SONG,2.0,1902,,21.0,109
1753,SONG,5.0,1903,,11.0,109
1754,MOVIE,3.0,1904,29.0,,109
1755,MOVIE,3.0,1905,30.0,,109
1756,SONG,2.0,1906,,2.0,109
1757,MOVIE,4.0,1907,26.0,,109
1758,SONG,5.0,1908,,25.0,109
1759,MOVIE,2.0,1909,35.0,,109
1760,SONG,4.0,1910,,19.0,109
1761,SONG,5.0,1911,,27.0,109
1762,SONG,5.0,1912,,22.0,109
1763,MOVIE,3.0,1913,27.0,,109
1764,MOVIE,4.0,1914,21.0,,109
1765,MOVIE,4.0,1915,20.0,,109
1766,MOVIE,3.0,1916,33.0,,109
1767,SONG,4.0,1917,,15.0,109
1768,SONG,3.0,1918,,31.0,109
1769,SONG,3.0,1919,,34.0,109
1770,MOVIE,4.0,1920,16.0,,109
1771,MOVIE,2.0,1921,18.0,,109
1772,SONG,3.0,1922,,24.0,109
1773,MOVIE,3.0,1923,25.0,,109
1774,MOVIE,4.0,1924,34.0,,109
1775,SONG,1.0,1925,,30.0,109
1776,MOVIE,1.0,1926,10.0,,109
1777,SONG,0.0,1927,,17.0,109
1779,MOVIE,5.0,1929,8.0,,109
1780,MOVIE,4.0,1930,7.0,,109
1782,SONG,3.0,1932,,16.0,109
1785,MOVIE,2.0,1935,14.0,,109
1786,MOVIE,3.0,1936,22.0,,109
1787,SONG,4.0,1937,,5.0,109
1788,SONG,5.0,1938,,3.0,109
1790,MOVIE,5.0,1940,12.0,,109
1791,SONG,1.0,1941,,9.0,109
1792,MOVIE,3.0,1942,1.0,,109
1794,MOVIE,3.0,1944,24.0,,109
1797,SONG,5.0,1950,,18.0,109
1778,MOVIE,5.0,1928,3.0,,109
1781,MOVIE,1.0,1931,23.0,,109
1783,SONG,4.0,1933,,32.0,109
1784,SONG,2.0,1934,,35.0,109
1789,SONG,4.0,1939,,14.0,109
1793,SONG,4.0,1943,,10.0,109
1795,SONG,0.0,1947,,4.0,109
1796,SONG,4.0,1949,,26.0,109
1798,SONG,4.0,1951,,6.0,109
1799,SONG,2.0,1952,,7.0,109
1800,SONG,3.5,1955,,11.0,110
1801,SONG,4.0,1956,,30.0,110
1802,MOVIE,3.5,1957,19.0,,110
1803,MOVIE,3.5,1958,27.0,,110
1804,MOVIE,2.0,1959,1.0,,110
1805,MOVIE,4.0,1960,29.0,,110
1806,MOVIE,3.0,1961,32.0,,110
1807,SONG,4.5,1962,,5.0,110
1808,MOVIE,4.0,1963,33.0,,110
1809,SONG,3.5,1964,,8.0,110
1810,SONG,3.0,1965,,14.0,110
1811,SONG,4.0,1966,,17.0,110
1812,SONG,3.5,1967,,10.0,110
1813,SONG,4.0,1968,,24.0,110
1814,MOVIE,4.0,1969,13.0,,110
1815,SONG,4.5,1971,,11.0,111
1816,SONG,5.0,1972,,19.0,111
1817,SONG,3.5,1970,,33.0,110
1818,SONG,3.0,1973,,6.0,111
1819,MOVIE,0.0,1975,7.0,,111
1820,MOVIE,4.5,1976,1.0,,111
1821,MOVIE,3.5,1974,16.0,,110
1822,SONG,3.0,1977,,30.0,111
1823,SONG,5.0,1979,,15.0,111
1824,SONG,4.5,1980,,21.0,111
1825,MOVIE,3.5,1978,18.0,,110
1826,SONG,2.0,1981,,31.0,110
1827,SONG,2.0,1982,,28.0,110
1828,SONG,3.0,1983,,23.0,110
1829,SONG,4.5,1987,,26.0,112
1830,SONG,5.0,1988,,8.0,112
1831,SONG,4.5,1989,,5.0,112
1832,SONG,5.0,1990,,24.0,112
1833,SONG,4.5,1991,,23.0,112
1834,SONG,5.0,1992,,25.0,112
1835,SONG,5.0,1993,,15.0,112
1836,MOVIE,1.0,1994,21.0,,112
1837,MOVIE,4.0,1995,25.0,,112
1838,MOVIE,5.0,1996,5.0,,112
1839,MOVIE,5.0,1997,10.0,,112
1840,SONG,5.0,1998,,1.0,112
1841,MOVIE,5.0,1999,14.0,,112
1842,SONG,3.5,2000,,3.0,112
1843,SONG,5.0,2001,,32.0,112
1844,SONG,5.0,2002,,16.0,112
1845,SONG,4.5,2003,,20.0,112
1846,SONG,4.5,2004,,17.0,112
1847,SONG,2.0,2005,,31.0,112
1848,MOVIE,2.0,2006,7.0,,112
1849,SONG,4.0,2007,,22.0,112
1850,SONG,4.5,2008,,13.0,112
1851,MOVIE,1.0,2009,11.0,,112
1852,MOVIE,3.0,2010,9.0,,112
1853,MOVIE,5.0,2011,23.0,,112
1854,SONG,5.0,2012,,10.0,112
1855,SONG,3.5,2013,,28.0,112
1856,SONG,4.5,2014,,34.0,112
1857,SONG,0.0,2015,,29.0,112
1858,SONG,4.0,2016,,21.0,112
1859,SONG,4.5,2017,,27.0,112
1860,SONG,5.0,2018,,11.0,112
1861,SONG,4.0,2019,,6.0,112
1862,SONG,4.5,2020,,7.0,112
1863,SONG,5.0,2021,,2.0,112
1864,SONG,5.0,2022,,12.0,112
1865,SONG,3.0,2023,,4.0,112
1866,MOVIE,5.0,2024,28.0,,113
1867,MOVIE,5.0,2025,9.0,,113
1868,MOVIE,3.5,2026,35.0,,113
1869,SONG,1.0,2027,,26.0,114
1870,MOVIE,1.0,2028,24.0,,114
1871,MOVIE,1.0,2029,13.0,,114
1872,SONG,4.0,2030,,18.0,114
1873,MOVIE,3.0,2031,7.0,,114
1874,SONG,4.0,2032,,13.0,115
1875,SONG,4.5,2033,,7.0,115
1876,SONG,3.5,2034,,21.0,115
1877,SONG,4.5,2035,,30.0,115
1878,MOVIE,4.5,2036,27.0,,115
1879,SONG,4.5,2037,,19.0,115
1880,SONG,4.0,2038,,14.0,115
1881,SONG,4.5,2039,,14.0,116
1882,MOVIE,5.0,2040,14.0,,116
1883,MOVIE,3.0,2041,26.0,,116
1884,MOVIE,4.0,2042,3.0,,116
1885,MOVIE,1.0,2043,5.0,,116
1886,SONG,2.5,2044,,4.0,116
1887,MOVIE,0.5,2045,31.0,,116
1888,SONG,2.5,2046,,12.0,116
1889,SONG,4.0,2047,,26.0,116
1890,MOVIE,3.5,2048,33.0,,116
1891,SONG,4.5,2049,,31.0,116
1892,MOVIE,4.5,2050,18.0,,35
1893,SONG,4.0,2051,,24.0,35
1894,SONG,2.0,2052,,32.0,35
1895,SONG,2.5,2053,,30.0,35
1896,MOVIE,3.0,2054,1.0,,35
1897,MOVIE,4.0,2055,14.0,,35
1898,MOVIE,4.0,2056,6.0,,35
1899,MOVIE,4.0,2057,32.0,,35
1900,MOVIE,2.5,2058,13.0,,117
1901,SONG,2.5,2059,,1.0,117
1902,SONG,5.0,2060,,19.0,118
1903,SONG,4.5,2061,,3.0,118
1904,SONG,5.0,2062,,31.0,118
1905,SONG,5.0,2063,,4.0,118
1906,SONG,5.0,2064,,13.0,118
1907,SONG,3.5,2065,,30.0,118
1908,SONG,2.5,2066,,34.0,118
1909,SONG,3.0,2067,,29.0,118
1910,SONG,3.5,2068,,15.0,118
1911,SONG,4.5,2069,,11.0,118
1912,SONG,1.5,2070,,1.0,118
1913,SONG,4.0,2071,,24.0,118
1914,SONG,5.0,2072,,27.0,118
1915,SONG,5.0,2073,,16.0,118
1916,SONG,3.5,2074,,33.0,118
1917,SONG,5.0,2075,,23.0,118
1918,SONG,4.0,2076,,2.0,118
1919,SONG,5.0,2077,,8.0,118
1920,SONG,5.0,2078,,20.0,118
1921,SONG,4.0,2079,,5.0,118
1922,SONG,1.5,2080,,21.0,118
1923,SONG,5.0,2081,,26.0,118
1924,SONG,2.0,2082,,25.0,118
1925,SONG,1.5,2083,,17.0,118
1926,SONG,5.0,2084,,6.0,118
1927,SONG,3.5,2085,,18.0,118
1928,MOVIE,5.0,2086,27.0,,118
1929,MOVIE,1.0,2087,3.0,,118
1930,MOVIE,5.0,2088,28.0,,118
1931,MOVIE,2.5,2089,15.0,,118
1932,MOVIE,2.0,2090,10.0,,118
1933,MOVIE,3.5,2091,16.0,,118
1934,SONG,4.5,2092,,16.0,119
1935,MOVIE,3.5,2093,1.0,,119
1936,MOVIE,4.5,2094,2.0,,119
1937,SONG,3.0,2095,,27.0,119
1938,SONG,2.5,2096,,1.0,119
1939,SONG,5.0,2097,,5.0,119
1940,SONG,3.5,2098,,25.0,119
1941,SONG,1.0,2099,,6.0,119
1942,SONG,4.5,2100,,9.0,119
1943,MOVIE,4.0,2101,20.0,,119
1944,MOVIE,2.5,2102,11.0,,119
1945,SONG,3.5,2103,,3.0,119
1946,MOVIE,5.0,2104,22.0,,120
1947,SONG,2.0,2105,,23.0,120
1948,MOVIE,1.0,2106,33.0,,120
1949,MOVIE,4.5,2107,1.0,,120
1950,SONG,1.5,2108,,35.0,120
1951,SONG,1.5,2109,,22.0,120
1952,SONG,3.5,2110,,10.0,120
1953,MOVIE,3.5,2111,16.0,,120
1954,MOVIE,5.0,2112,2.0,,120
1955,MOVIE,3.0,2113,3.0,,120
1956,SONG,4.0,2114,,6.0,120
1957,MOVIE,5.0,2115,4.0,,42
1958,SONG,5.0,2116,,11.0,42
1959,SONG,5.0,2117,,26.0,42
1960,SONG,5.0,2118,,4.0,42
1961,MOVIE,4.5,2119,13.0,,42
1962,SONG,1.5,2120,,6.0,42
1963,SONG,0.5,2121,,29.0,42
1964,SONG,4.0,2122,,12.0,42
1965,MOVIE,5.0,2123,10.0,,42
1966,SONG,3.5,2124,,19.0,42
1967,SONG,0.0,2125,,21.0,42
1968,SONG,4.0,2126,,23.0,42
1969,SONG,4.0,2127,,18.0,42
1970,SONG,4.0,2128,,33.0,42
1971,SONG,4.0,2129,,16.0,42
1972,SONG,4.5,2130,,17.0,42
1973,SONG,2.5,2131,,10.0,42
1974,MOVIE,4.0,2132,15.0,,42
1975,SONG,4.0,2133,,9.0,42
1976,SONG,0.5,2134,,30.0,42
1977,MOVIE,1.0,2135,12.0,,42
1978,SONG,4.5,2136,,7.0,42
1979,MOVIE,1.5,2137,34.0,,42
1980,SONG,2.5,2138,,32.0,42
1981,MOVIE,0.5,2139,17.0,,42
1982,SONG,0.5,2140,,13.0,42
1983,MOVIE,4.0,2141,24.0,,42
1984,MOVIE,5.0,2142,14.0,,42
1985,SONG,5.0,2143,,14.0,42
1986,SONG,0.0,2144,,28.0,42
1987,SONG,0.0,2145,,7.0,120
1988,MOVIE,3.5,2146,8.0,,42
1989,MOVIE,4.5,2147,1.0,,42
1990,MOVIE,5.0,2148,19.0,,42
1991,MOVIE,5.0,2149,31.0,,42
1992,MOVIE,5.0,2150,9.0,,42
1993,MOVIE,4.0,2151,16.0,,42
1994,MOVIE,5.0,2152,5.0,,42
1995,MOVIE,2.0,2153,26.0,,42
1996,MOVIE,4.0,2154,25.0,,120
1997,MOVIE,4.0,2155,32.0,,42
1998,MOVIE,3.5,2156,21.0,,42
1999,MOVIE,1.0,2157,33.0,,42
2000,MOVIE,2.5,2158,7.0,,42
2001,MOVIE,4.0,2159,27.0,,42
2002,MOVIE,3.5,2160,19.0,,106
2003,MOVIE,2.5,2161,3.0,,106
2004,SONG,3.5,2162,,31.0,106
2005,MOVIE,2.5,2163,26.0,,106
2006,SONG,5.0,2164,,7.0,121
2007,SONG,4.5,2165,,21.0,121
2008,SONG,4.0,2166,,34.0,121
2009,SONG,4.0,2167,,3.0,121
2010,SONG,4.0,2168,,16.0,121
2011,SONG,5.0,2169,,26.0,121
2012,SONG,4.5,2170,,1.0,121
2013,SONG,5.0,2171,,14.0,121
2014,SONG,4.0,2172,,29.0,121
2015,SONG,5.0,2173,,8.0,121
2016,SONG,4.5,2174,,30.0,121
2017,SONG,4.0,2175,,19.0,121
2018,SONG,4.5,2176,,6.0,121
2019,SONG,4.0,2177,,5.0,121
2020,MOVIE,4.0,2178,5.0,,121
2021,SONG,3.5,2179,,28.0,121
2022,MOVIE,4.5,2180,27.0,,121
2023,SONG,3.0,2181,,4.0,121
2024,MOVIE,5.0,2182,7.0,,121
2025,MOVIE,4.0,2183,21.0,,121
2026,SONG,3.5,2184,,20.0,121
2027,SONG,4.5,2185,,13.0,121
2028,MOVIE,2.0,2186,12.0,,121
2029,MOVIE,4.0,2187,28.0,,121
2030,MOVIE,4.5,2188,24.0,,121
2031,SONG,4.5,2189,,9.0,121
2032,SONG,4.5,2190,,11.0,121
2033,SONG,2.0,2191,,27.0,121
2034,SONG,3.0,2192,,32.0,121
2035,MOVIE,3.0,2193,10.0,,121
2036,SONG,2.5,2194,,22.0,121
2037,SONG,1.5,2195,,35.0,121
2038,SONG,2.0,2196,,15.0,121
2039,SONG,4.0,2197,,33.0,121
2040,SONG,2.5,2198,,10.0,121
2041,SONG,4.5,2199,,18.0,121
2042,SONG,3.0,2200,,24.0,121
2043,MOVIE,5.0,2201,2.0,,121
2044,MOVIE,4.5,2202,13.0,,121
2045,SONG,4.0,2203,,2.0,121
2046,SONG,2.5,2204,,23.0,121
2047,SONG,4.0,2205,,31.0,121
2048,SONG,2.5,2206,,12.0,121
2049,MOVIE,4.5,2207,9.0,,121
2050,MOVIE,3.5,2208,34.0,,121
2051,MOVIE,3.5,2209,31.0,,121
2052,SONG,3.5,2210,,17.0,121
2053,SONG,4.5,2211,,25.0,121
2054,MOVIE,4.0,2212,16.0,,121
2055,MOVIE,4.5,2213,35.0,,121
2056,MOVIE,3.5,2215,15.0,,121
2057,MOVIE,4.5,2216,23.0,,121
2058,MOVIE,4.5,2218,6.0,,121
2059,MOVIE,4.0,2219,18.0,,121
2060,MOVIE,4.0,2220,26.0,,121
2061,MOVIE,3.0,2221,3.0,,121
2062,MOVIE,4.5,2222,32.0,,121
2063,MOVIE,3.5,2223,11.0,,121
2064,MOVIE,4.0,2224,33.0,,121
2065,MOVIE,4.0,2225,17.0,,121
2066,MOVIE,4.5,2226,29.0,,121
2067,MOVIE,4.0,2227,20.0,,121
2068,MOVIE,2.0,2228,25.0,,121
2069,MOVIE,3.5,2229,14.0,,121
2070,MOVIE,5.0,2230,4.0,,121
2071,MOVIE,3.0,2231,8.0,,121
2072,MOVIE,3.0,2232,19.0,,121
2073,MOVIE,4.5,2233,30.0,,121
2074,MOVIE,5.0,2234,22.0,,121
2075,MOVIE,4.0,2235,1.0,,121
2076,MOVIE,3.0,2238,17.0,,122
2077,SONG,5.0,2239,,15.0,122
2078,SONG,5.0,2240,,10.0,122
2079,SONG,2.5,2241,,9.0,122
2080,SONG,3.5,2242,,25.0,122
2081,SONG,4.5,2243,,5.0,122
2086,SONG,2.0,2248,,2.0,122
2087,SONG,2.5,2249,,8.0,122
2088,SONG,4.0,2250,,19.0,122
2089,SONG,2.0,2252,,24.0,122
2090,SONG,4.5,2253,,11.0,122
2091,SONG,1.0,2254,,22.0,122
2092,SONG,2.0,2255,,6.0,122
2093,SONG,5.0,2256,,13.0,122
2094,SONG,3.0,2257,,35.0,122
2095,SONG,4.0,2258,,27.0,122
2096,SONG,0.0,2259,,7.0,122
2097,SONG,1.5,2260,,26.0,122
2098,SONG,0.0,2261,,4.0,122
2099,SONG,0.0,2262,,28.0,122
2100,SONG,0.5,2263,,33.0,122
2101,SONG,0.5,2264,,30.0,122
2102,SONG,2.5,2265,,31.0,122
2103,SONG,5.0,2266,,17.0,122
2104,SONG,1.5,2267,,18.0,122
2105,SONG,4.5,2268,,12.0,122
2106,SONG,2.0,2269,,32.0,122
2107,MOVIE,4.0,2270,26.0,,122
2108,MOVIE,2.0,2271,11.0,,122
2109,MOVIE,5.0,2272,27.0,,122
2110,MOVIE,2.5,2273,28.0,,122
2111,MOVIE,3.5,2274,31.0,,122
2115,SONG,0.0,2279,,28.0,123
2120,SONG,0.0,2284,,7.0,123
2122,SONG,0.0,2285,,2.0,123
2112,MOVIE,2.0,2275,4.0,,122
2113,SONG,5.0,2277,,11.0,123
2114,SONG,0.0,2278,,16.0,123
2116,SONG,0.0,2280,,12.0,123
2117,SONG,5.0,2281,,10.0,123
2118,SONG,0.0,2282,,30.0,123
2119,SONG,4.0,2283,,8.0,123
2121,MOVIE,4.0,2276,33.0,,122
2123,SONG,5.0,2287,,18.0,123
2124,MOVIE,4.5,2286,25.0,,122
2125,SONG,2.0,2288,,17.0,123
2126,SONG,5.0,2290,,20.0,123
2127,SONG,0.0,2291,,24.0,123
2128,MOVIE,3.5,2289,19.0,,122
2129,MOVIE,2.5,2292,23.0,,122
2130,MOVIE,3.0,2293,2.0,,122
2131,MOVIE,2.5,2294,10.0,,122
2132,MOVIE,5.0,2295,35.0,,122
2133,MOVIE,4.5,2296,5.0,,122
2134,MOVIE,5.0,2297,13.0,,122
2135,MOVIE,3.5,2298,14.0,,122
2136,MOVIE,4.0,2299,9.0,,122
2137,MOVIE,2.0,2300,6.0,,122
2138,MOVIE,4.0,2301,34.0,,122
2139,SONG,2.5,2302,,21.0,122
2140,MOVIE,4.5,2303,20.0,,122
2141,SONG,2.5,2304,,29.0,122
2142,MOVIE,2.5,2305,18.0,,122
2143,MOVIE,5.0,2307,9.0,,124
2144,MOVIE,5.0,2306,34.0,,125
2145,SONG,5.0,2309,,34.0,125
2146,MOVIE,5.0,2310,3.0,,125
2147,MOVIE,5.0,2311,16.0,,125
2148,MOVIE,5.0,2312,7.0,,125
2149,MOVIE,5.0,2313,15.0,,125
2150,SONG,3.5,2314,,18.0,126
2151,SONG,5.0,2317,,7.0,125
2152,SONG,4.5,2316,,1.0,126
2153,MOVIE,5.0,2318,22.0,,125
2154,SONG,3.5,2319,,30.0,126
2155,MOVIE,5.0,2321,11.0,,125
2156,SONG,3.0,2322,,27.0,126
2157,SONG,4.0,2324,,8.0,126
2158,MOVIE,5.0,2323,29.0,,125
2159,MOVIE,4.0,2326,16.0,,126
2160,MOVIE,4.0,2328,17.0,,126
2161,SONG,3.0,2331,,28.0,125
2162,MOVIE,5.0,2332,28.0,,125
2163,SONG,5.0,2333,,1.0,125
2164,MOVIE,5.0,2330,31.0,,126
2165,MOVIE,5.0,2334,27.0,,125
2166,MOVIE,4.0,2335,4.0,,126
2167,MOVIE,3.5,2337,26.0,,126
2168,MOVIE,4.5,2338,33.0,,126
2169,SONG,2.0,2339,,15.0,127
2170,SONG,0.5,2340,,31.0,127
2171,SONG,4.5,2341,,17.0,127
2172,SONG,0.5,2342,,7.0,127
2173,SONG,1.0,2343,,22.0,127
2174,MOVIE,4.0,2344,19.0,,127
2175,MOVIE,1.0,2345,31.0,,127
2176,MOVIE,3.0,2346,25.0,,127
2177,MOVIE,2.0,2347,21.0,,127
2178,MOVIE,0.5,2348,24.0,,127
2179,MOVIE,5.0,2349,32.0,,127
2180,MOVIE,3.0,2350,11.0,,128
2181,SONG,4.5,2351,,20.0,129
2182,SONG,5.0,2353,,11.0,128
2183,MOVIE,5.0,2352,18.0,,129
2184,SONG,4.0,2354,,34.0,128
2185,SONG,5.0,2355,,5.0,129
2186,MOVIE,5.0,2356,7.0,,128
2187,MOVIE,4.5,2357,16.0,,129
2188,SONG,1.0,2358,,10.0,129
2189,MOVIE,3.0,2359,10.0,,128
2190,SONG,4.5,2360,,34.0,129
2191,SONG,4.0,2361,,12.0,129
2192,MOVIE,4.0,2363,11.0,,130
2193,SONG,2.5,2362,,29.0,128
2194,SONG,4.0,2365,,32.0,130
2195,MOVIE,4.0,2366,24.0,,130
2196,SONG,4.0,2368,,4.0,128
2197,MOVIE,2.0,2367,12.0,,130
2198,SONG,4.5,2370,,18.0,128
2199,SONG,5.0,2371,,34.0,130
2200,MOVIE,4.5,2369,29.0,,131
2201,SONG,4.0,2372,,25.0,128
2202,SONG,5.0,2373,,16.0,130
2203,SONG,4.0,2376,,4.0,130
2204,SONG,5.0,2375,,32.0,128
2205,SONG,5.0,2377,,1.0,130
2206,MOVIE,3.5,2374,5.0,,131
2207,SONG,5.0,2380,,5.0,131
2208,MOVIE,3.5,2378,14.0,,128
2209,MOVIE,5.0,2379,16.0,,130
2210,MOVIE,4.5,2381,35.0,,131
2211,SONG,4.5,2382,,27.0,128
2212,SONG,3.0,2383,,7.0,130
2213,SONG,3.5,2384,,2.0,131
2214,SONG,4.5,2387,,9.0,131
2215,MOVIE,5.0,2386,27.0,,130
2216,MOVIE,4.0,2385,5.0,,128
2217,SONG,5.0,2390,,16.0,131
2218,SONG,2.5,2388,,35.0,129
2219,SONG,4.0,2391,,26.0,128
2220,SONG,4.0,2389,,19.0,132
2221,MOVIE,5.0,2392,28.0,,131
2222,SONG,5.0,2394,,13.0,129
2225,SONG,4.5,2402,,24.0,129
2227,SONG,3.5,2403,,11.0,129
2231,SONG,3.5,2406,,35.0,131
2233,SONG,1.0,2410,,4.0,129
2234,MOVIE,4.5,2409,26.0,,131
2235,SONG,4.0,2411,,26.0,129
2237,MOVIE,3.0,2401,11.0,,132
2239,SONG,3.0,2413,,28.0,129
2247,SONG,4.0,2424,,24.0,131
2249,SONG,1.0,2422,,32.0,129
2250,SONG,4.5,2425,,28.0,131
2251,SONG,1.0,2426,,20.0,132
2252,SONG,1.5,2427,,15.0,129
2253,SONG,5.0,2428,,11.0,131
2254,SONG,4.0,2430,,9.0,129
2256,MOVIE,4.5,2431,13.0,,131
2257,SONG,0.5,2432,,14.0,129
2258,MOVIE,1.5,2434,24.0,,132
2259,SONG,3.5,2433,,23.0,131
2260,SONG,4.0,2436,,22.0,132
2261,SONG,4.0,2435,,16.0,129
2263,MOVIE,2.5,2437,14.0,,132
2265,SONG,1.0,2442,,5.0,132
2266,SONG,2.0,2440,,31.0,131
2267,SONG,2.0,2441,,27.0,129
2268,MOVIE,1.5,2443,17.0,,132
2269,SONG,0.0,2445,,22.0,129
2270,MOVIE,3.5,2444,16.0,,131
2271,SONG,2.0,2446,,29.0,129
2272,SONG,3.5,2447,,7.0,132
2223,SONG,4.0,2397,,14.0,132
2224,SONG,4.5,2398,,8.0,129
2226,MOVIE,3.5,2396,7.0,,131
2228,SONG,4.5,2404,,22.0,131
2229,SONG,4.5,2405,,2.0,129
2230,SONG,4.5,2407,,1.0,129
2232,SONG,0.5,2408,,19.0,129
2236,SONG,0.0,2412,,6.0,129
2238,SONG,5.0,2414,,31.0,132
2240,MOVIE,3.0,2415,33.0,,131
2241,SONG,4.5,2417,,8.0,131
2242,MOVIE,5.0,2418,2.0,,131
2243,SONG,3.5,2420,,13.0,132
2245,SONG,3.5,2421,,6.0,132
2246,SONG,3.0,2419,,27.0,131
2248,SONG,1.5,2423,,2.0,132
2244,SONG,5.0,2416,,30.0,129
2255,MOVIE,3.0,2429,27.0,,132
2262,SONG,5.0,2438,,32.0,131
2264,SONG,2.5,2439,,21.0,129
2273,SONG,4.0,2449,,33.0,129
2274,MOVIE,5.0,2448,3.0,,131
2275,MOVIE,0.0,2450,10.0,,132
2276,SONG,3.5,2451,,25.0,129
2277,MOVIE,4.5,2452,21.0,,131
2278,SONG,5.0,2454,,3.0,129
2279,SONG,5.0,2456,,18.0,129
2280,MOVIE,4.0,2453,26.0,,132
2281,SONG,3.5,2455,,25.0,131
2282,MOVIE,4.5,2464,11.0,,131
2283,MOVIE,4.0,2462,33.0,,132
2284,SONG,5.0,2465,,10.0,131
2285,SONG,1.0,2466,,18.0,132
2286,MOVIE,4.5,2467,23.0,,131
2287,SONG,2.0,2468,,23.0,132
2288,SONG,0.0,2469,,26.0,132
2289,SONG,4.0,2470,,18.0,131
2290,MOVIE,3.5,2471,13.0,,132
2291,SONG,4.5,2472,,6.0,131
2292,MOVIE,2.5,2473,28.0,,132
2293,SONG,1.0,2474,,29.0,132
2294,SONG,3.5,2475,,27.0,132
2295,MOVIE,1.5,2476,35.0,,132
2296,MOVIE,1.0,2477,23.0,,132
2297,SONG,4.5,2478,,34.0,131
2298,MOVIE,0.0,2479,21.0,,132
2299,SONG,2.0,2480,,33.0,132
2300,MOVIE,1.5,2481,2.0,,132
2301,SONG,4.0,2482,,26.0,131
2302,MOVIE,1.5,2483,7.0,,132
2303,MOVIE,4.0,2484,19.0,,131
2304,MOVIE,3.5,2486,24.0,,131
2305,SONG,0.5,2485,,34.0,132
2306,MOVIE,0.5,2488,25.0,,132
2307,SONG,3.5,2489,,32.0,132
2308,MOVIE,2.5,2487,20.0,,131
2309,SONG,1.5,2490,,34.0,133
2310,SONG,0.5,2491,,3.0,132
2311,SONG,5.0,2492,,30.0,131
2312,SONG,1.5,2494,,12.0,133
2313,SONG,0.5,2493,,25.0,132
2314,SONG,2.0,2495,,5.0,133
2315,SONG,5.0,2496,,1.0,131
2316,SONG,4.0,2497,,12.0,132
2317,SONG,2.5,2498,,13.0,133
2318,SONG,4.0,2501,,18.0,133
2319,MOVIE,5.0,2499,12.0,,131
2320,SONG,3.5,2500,,10.0,132
2321,SONG,4.5,2502,,8.0,133
2322,SONG,1.0,2504,,17.0,133
2323,SONG,0.5,2503,,30.0,132
2324,SONG,1.0,2506,,10.0,133
2325,SONG,4.5,2505,,21.0,131
2326,SONG,3.0,2508,,16.0,133
2327,SONG,2.5,2507,,24.0,132
2328,SONG,4.0,2510,,21.0,133
2329,MOVIE,3.0,2509,10.0,,131
2330,SONG,2.5,2511,,9.0,133
2331,SONG,2.0,2513,,27.0,133
2332,SONG,3.5,2514,,26.0,133
2333,SONG,2.0,2515,,4.0,133
2334,SONG,5.0,2516,,7.0,133
2335,SONG,5.0,2517,,33.0,133
2336,MOVIE,2.5,2512,6.0,,131
2337,SONG,2.5,2518,,30.0,133
2338,MOVIE,5.0,2519,30.0,,131
2339,SONG,5.0,2520,,19.0,133
2340,SONG,2.5,2521,,31.0,133
2341,SONG,4.0,2522,,28.0,133
2342,MOVIE,4.0,2523,14.0,,131
2343,MOVIE,5.0,2524,27.0,,131
2344,MOVIE,5.0,2525,22.0,,131
2345,SONG,3.5,2526,,15.0,132
2346,SONG,1.5,2528,,15.0,133
2347,SONG,3.5,2529,,23.0,133
2348,SONG,3.5,2527,,11.0,132
2349,SONG,2.0,2530,,1.0,133
2350,SONG,1.5,2531,,16.0,132
2351,SONG,1.5,2532,,32.0,133
2352,SONG,0.5,2534,,29.0,133
2353,SONG,5.0,2533,,28.0,132
2354,SONG,0.5,2535,,6.0,133
2355,SONG,4.5,2536,,4.0,132
2356,SONG,3.5,2537,,2.0,133
2357,SONG,4.0,2539,,33.0,131
2358,SONG,2.0,2540,,20.0,133
2359,SONG,1.0,2538,,17.0,132
2360,SONG,5.0,2542,,4.0,131
2361,SONG,0.5,2541,,22.0,133
2362,SONG,4.5,2545,,24.0,133
2363,MOVIE,4.0,2544,4.0,,131
2364,SONG,1.0,2546,,35.0,133
2365,MOVIE,5.0,2547,17.0,,131
2366,SONG,2.5,2548,,11.0,133
2367,SONG,5.0,2549,,14.0,133
2368,SONG,1.0,2550,,3.0,133
2369,SONG,3.0,2551,,25.0,133
2370,MOVIE,2.0,2553,10.0,,133
2371,SONG,3.5,2543,,21.0,132
2372,MOVIE,1.0,2554,17.0,,133
2373,MOVIE,3.0,2556,24.0,,133
2374,SONG,3.0,2555,,35.0,132
2375,MOVIE,5.0,2557,2.0,,133
2376,MOVIE,4.0,2559,8.0,,133
2378,MOVIE,1.0,2560,26.0,,133
2379,MOVIE,2.5,2562,15.0,,133
2380,SONG,1.5,2561,,9.0,132
2382,SONG,0.5,2564,,8.0,132
2384,MOVIE,2.0,2568,11.0,,133
2386,MOVIE,2.0,2572,33.0,,133
2387,MOVIE,1.0,2571,3.0,,132
2377,SONG,2.0,2558,,1.0,132
2381,MOVIE,0.5,2563,16.0,,133
2383,MOVIE,4.0,2565,18.0,,133
2385,MOVIE,2.0,2569,25.0,,133
2388,MOVIE,4.5,2573,4.0,,133
2389,MOVIE,5.0,2574,22.0,,133
2390,MOVIE,5.0,2575,31.0,,133
2391,MOVIE,1.5,2576,5.0,,133
2392,MOVIE,3.5,2577,21.0,,133
2393,MOVIE,3.0,2578,34.0,,133
2394,MOVIE,3.0,2579,6.0,,133
2395,MOVIE,3.0,2580,20.0,,133
2396,MOVIE,4.0,2581,7.0,,133
2397,MOVIE,4.5,2582,29.0,,133
2398,MOVIE,4.5,2583,12.0,,133
2399,MOVIE,5.0,2584,23.0,,133
2400,MOVIE,5.0,2585,28.0,,133
2401,MOVIE,2.5,2586,3.0,,133
2402,MOVIE,3.5,2587,19.0,,133
2403,MOVIE,2.5,2588,1.0,,133
2404,MOVIE,3.0,2589,35.0,,133
2405,MOVIE,3.0,2590,30.0,,133
2406,MOVIE,3.0,2591,14.0,,133
2407,MOVIE,3.0,2592,27.0,,133
2408,MOVIE,4.0,2593,13.0,,133
2409,MOVIE,3.5,2594,9.0,,133
2410,MOVIE,4.5,2595,32.0,,133
2411,SONG,2.0,2598,,17.0,134
2412,SONG,1.0,2599,,26.0,134
2413,MOVIE,1.5,2600,26.0,,134
2414,MOVIE,3.0,2601,1.0,,134
2415,SONG,1.0,2602,,5.0,134
2416,SONG,3.5,2603,,8.0,134
2417,SONG,2.0,2604,,24.0,134
2418,SONG,3.5,2605,,28.0,134
2419,SONG,3.5,2606,,21.0,134
2420,MOVIE,1.0,2607,3.0,,134
2421,MOVIE,2.5,2608,19.0,,134
2422,MOVIE,0.0,2609,10.0,,134
2423,SONG,0.5,2610,,3.0,134
2424,MOVIE,3.0,2611,24.0,,134
2425,SONG,3.0,2612,,16.0,134
2426,SONG,2.5,2613,,23.0,134
2427,MOVIE,2.5,2614,34.0,,134
2428,SONG,0.0,2615,,15.0,134
2429,SONG,2.5,2616,,7.0,134
2430,SONG,3.0,2617,,6.0,134
2431,MOVIE,4.0,2618,2.0,,134
2432,MOVIE,5.0,2619,13.0,,134
2433,SONG,5.0,2620,,4.0,134
2434,SONG,4.0,2621,,11.0,134
2435,SONG,1.5,2622,,10.0,134
2436,MOVIE,0.5,2623,15.0,,134
2437,SONG,0.5,2624,,13.0,134
2438,SONG,0.5,2625,,1.0,134
2439,MOVIE,3.0,2626,17.0,,134
2440,SONG,3.0,2627,,12.0,134
2441,MOVIE,0.5,2628,23.0,,134
2442,MOVIE,3.5,2629,9.0,,134
2443,MOVIE,3.5,2630,29.0,,134
2444,MOVIE,3.5,2631,27.0,,134
2445,SONG,3.0,2632,,2.0,134
2446,MOVIE,3.5,2633,22.0,,134
2447,MOVIE,2.0,2634,32.0,,134
2448,SONG,4.0,2635,,31.0,134
2449,SONG,0.5,2636,,30.0,134
2450,SONG,4.0,2637,,14.0,134
2451,MOVIE,2.0,2638,6.0,,134
2452,MOVIE,1.0,2639,35.0,,134
2453,MOVIE,1.5,2640,11.0,,134
2454,MOVIE,0.5,2641,20.0,,134
2455,SONG,3.0,2642,,18.0,134
2456,SONG,0.5,2643,,9.0,134
2457,SONG,1.0,2644,,19.0,134
2458,SONG,3.5,2645,,22.0,134
2459,SONG,2.5,2646,,35.0,134
2460,MOVIE,3.5,2647,21.0,,134
2461,SONG,3.5,2648,,27.0,134
2462,SONG,0.5,2649,,29.0,134
2463,MOVIE,2.0,2650,28.0,,134
2464,SONG,3.5,2651,,32.0,134
2465,SONG,2.5,2652,,34.0,134
2466,SONG,2.0,2653,,20.0,134
2467,SONG,3.5,2654,,25.0,134
2468,SONG,1.5,2655,,33.0,134
2469,MOVIE,3.5,2656,4.0,,134
2470,SONG,4.0,2659,,4.0,135
2471,SONG,1.0,2660,,13.0,135
2472,SONG,1.0,2661,,1.0,135
2473,MOVIE,0.5,2662,5.0,,135
2474,MOVIE,4.0,2663,4.0,,135
2475,MOVIE,5.0,2664,25.0,,135
2476,SONG,5.0,2665,,12.0,135
2477,SONG,0.0,2666,,17.0,135
2478,MOVIE,0.5,2667,27.0,,135
2479,MOVIE,5.0,2668,12.0,,135
2480,SONG,0.0,2669,,28.0,135
2481,MOVIE,0.0,2670,15.0,,135
2482,SONG,2.0,2671,,27.0,135
2483,SONG,3.5,2672,,16.0,135
2484,MOVIE,4.0,2673,3.0,,135
2485,SONG,4.5,2675,,23.0,39
2486,SONG,4.0,2676,,33.0,39
2487,SONG,1.5,2678,,28.0,39
2488,SONG,1.0,2679,,27.0,39
2489,MOVIE,4.0,2677,19.0,,36
2490,MOVIE,1.5,2681,33.0,,36
2491,MOVIE,4.5,2680,4.0,,39
2496,SONG,5.0,2687,,17.0,39
2499,MOVIE,1.0,2689,24.0,,36
2501,MOVIE,5.0,2691,32.0,,39
2502,SONG,5.0,2693,,25.0,39
2503,MOVIE,3.5,2692,26.0,,36
2492,SONG,4.0,2683,,24.0,39
2493,MOVIE,4.5,2682,2.0,,36
2494,MOVIE,4.5,2685,28.0,,36
2495,MOVIE,1.0,2684,24.0,,39
2497,MOVIE,4.0,2686,10.0,,36
2498,SONG,1.5,2688,,21.0,39
2500,MOVIE,4.5,2690,35.0,,39
2504,SONG,3.5,2694,,33.0,36
2505,SONG,0.5,2695,,7.0,39
2506,SONG,3.0,2696,,24.0,36
2507,SONG,4.5,2697,,8.0,39
2508,SONG,3.0,2698,,14.0,39
2509,MOVIE,5.0,2700,8.0,,39
2510,MOVIE,3.0,2701,5.0,,39
2511,MOVIE,4.0,2699,15.0,,36
2512,SONG,0.5,2703,,21.0,36
2513,MOVIE,4.0,2702,22.0,,39
2514,MOVIE,3.5,2704,26.0,,39
2515,SONG,2.5,2705,,30.0,39
2516,MOVIE,3.5,2706,27.0,,39
2517,SONG,1.0,2708,,29.0,39
2518,MOVIE,5.0,2709,13.0,,39
2519,MOVIE,3.5,2707,11.0,,36
2520,MOVIE,5.0,2710,23.0,,39
2521,MOVIE,4.5,2711,22.0,,36
2522,MOVIE,5.0,2712,21.0,,39
2523,MOVIE,5.0,2713,2.0,,39
2524,SONG,3.5,2714,,8.0,36
2525,MOVIE,4.0,2715,28.0,,39
2526,SONG,1.0,2717,,32.0,39
2527,MOVIE,0.5,2718,31.0,,39
2528,MOVIE,4.5,2716,6.0,,36
2529,SONG,0.5,2719,,6.0,39
2530,SONG,4.5,2720,,12.0,39
2531,MOVIE,4.0,2721,30.0,,36
2532,SONG,1.5,2722,,35.0,36
2533,SONG,3.0,2723,,19.0,39
2534,MOVIE,3.5,2724,12.0,,39
2535,SONG,3.5,2725,,9.0,36
2536,SONG,3.5,2726,,18.0,39
2537,MOVIE,5.0,2728,1.0,,39
2538,SONG,2.5,2729,,35.0,39
2539,MOVIE,5.0,2727,35.0,,36
2540,MOVIE,3.5,2730,33.0,,39
2541,MOVIE,4.0,2732,17.0,,39
2542,MOVIE,4.5,2731,4.0,,36
2543,MOVIE,4.0,2733,11.0,,39
2544,SONG,5.0,2735,,5.0,39
2545,SONG,3.0,2734,,22.0,36
2546,MOVIE,5.0,2736,25.0,,39
2547,SONG,5.0,2738,,20.0,39
2548,MOVIE,3.5,2737,25.0,,36
2549,MOVIE,4.5,2739,10.0,,39
2550,SONG,2.0,2740,,25.0,36
2551,SONG,5.0,2741,,13.0,39
2552,SONG,1.5,2742,,27.0,36
2553,SONG,1.0,2743,,22.0,39
2554,MOVIE,2.0,2744,12.0,,36
2555,MOVIE,1.5,2746,7.0,,36
2556,SONG,2.5,2747,,14.0,36
2557,SONG,3.0,2748,,32.0,36
2558,SONG,4.5,2749,,13.0,36
2559,MOVIE,4.0,2750,27.0,,36
2560,SONG,4.0,2751,,16.0,36
2561,MOVIE,3.5,2752,18.0,,36
2562,SONG,4.0,2753,,10.0,36
2563,SONG,4.0,2754,,34.0,36
2564,MOVIE,4.5,2755,14.0,,36
2565,SONG,5.0,2756,,17.0,36
2566,SONG,2.5,2757,,6.0,36
2567,SONG,1.0,2758,,28.0,36
2568,SONG,3.0,2759,,23.0,36
2569,MOVIE,4.5,2760,31.0,,36
2570,SONG,2.0,2761,,26.0,36
2571,MOVIE,4.0,2762,3.0,,36
2572,MOVIE,4.0,2763,13.0,,36
2573,MOVIE,4.0,2764,5.0,,36
2574,MOVIE,4.5,2765,34.0,,36
2575,MOVIE,4.5,2766,29.0,,36
2576,SONG,4.5,2767,,12.0,36
2577,SONG,2.0,2768,,30.0,36
2578,MOVIE,3.0,2769,8.0,,36
2579,SONG,4.0,2770,,5.0,36
2580,MOVIE,5.0,2771,17.0,,36
2581,SONG,2.0,2772,,31.0,36
2582,MOVIE,4.0,2773,1.0,,36
2583,MOVIE,3.5,2774,16.0,,36
2584,SONG,3.5,2776,,11.0,36
2585,MOVIE,4.5,2777,20.0,,36
2586,MOVIE,4.5,2778,32.0,,36
2587,MOVIE,4.5,2779,23.0,,36
2588,SONG,1.0,2781,,7.0,36
2589,SONG,3.0,2782,,18.0,36
2590,SONG,2.5,2783,,19.0,36
